transaction_id,customer_id,store_id,transaction_date,total_amount,Customer_phone
T10000,C1219,15.0,2022-12-08,166.29,9012235959
T10001,C1269,14.0,2023-08-12,1016.88,9284769690
T10002,C1119,19.0,2022-12-11,2580.61,9225146786
T10003,C1393,20.0,2023-05-15,660.87,9267942460
T10004,C1335,18.0,2023-08-18,2070.32,9744292151
T10005,C1399,10.0,2023-09-24,1870.37,9072794091
T10006,C1181,9.0,2023-10-25,2583.63,9376326283
T10007,C1478,8.0,2023-11-06,353.48,9275584366
T10008,C1105,10.0,2022-11-18,2931.65,9845056299
T10009,C1216,17.0,2023-05-16,1727.02,9116001265
T10010,C1204,2.0,2023-04-07,2986.2,9773538202
T10011,C1069,6.0,2023-12-27,2730.12,9001375634
T10012,C1043,5.0,2023-01-22,625.63,9051697938
T10013,C1328,9.0,2023-04-06,121.29,9414396801
T10014,C1300,5.0,2022-12-13,729.7,9470535289
T10015,C1227,18.0,2023-02-13,1559.07,9786606608
T10016,C1183,20.0,2024-05-08,473.37,9450599217
T10017,C1106,9.0,2023-06-20,460.75,9178604541
T10018,C1083,17.0,2023-12-02,1360.91,9949780478
T10019,C1337,17.0,2024-01-15,51.47,9444549689
T10020,C1249,12.0,2024-02-19,321.76,9529442753
T10021,C1362,7.0,2030-01-02,1218.38,9946794035
T10022,C1440,3.0,2023-04-22,142.55,9406639535
T10023,C1020,10.0,2023-11-25,1160.1,9377131597
T10024,C1195,2.0,2023-09-27,1395.72,9586288768
T10025,C1177,3.0,2023-10-10,1326.36,9403026384
T10026,C1416,16.0,2023-02-06,2600.98,9108908082
T10027,C1474,2.0,2023-01-04,1566.69,9889924715
T10028,C1006,10.0,2023-04-20,1377.34,9514847663
T10029,C1069,6.0,2023-04-22,1202.66,9846892378
T10030,C1126,11.0,2023-01-01,2443.75,9927767399
T10031,C1398,7.0,2023-02-03,2679.92,9620682356
T10032,C1465,15.0,2023-08-17,2552.39,9698973247
T10033,C1159,6.0,2024-02-08,2004.32,9814157804
T10034,C1247,20.0,2024-01-20,368.95,9737832868
T10035,C1202,9.0,2024-03-23,794.45,9242217614
T10036,C1147,20.0,2024-02-07,90.49,9174651099
T10037,C1471,12.0,2024-01-10,2789.01,9484566178
T10038,C1142,19.0,2023-08-18,1965.44,9079144854
T10039,C1431,20.0,2023-06-20,2226.41,9858128631
T10040,C1198,3.0,2024-04-19,900.29,9908130558
T10041,C1404,15.0,2023-03-08,2529.24,9035876704
T10042,C1425,2.0,2023-10-31,741.79,9316655712
T10043,C1153,2.0,2024-01-26,-44.99,9021558591
T10044,C1491,3.0,2023-03-05,1098.07,9342219677
T10045,C1375,6.0,2023-08-29,1690.82,9280383739
T10046,C1383,15.0,2024-03-24,1410.05,9112447665
T10047,C1141,10.0,2024-05-04,2579.33,9079672074
T10048,C1312,9.0,2023-09-23,271.49,9367013765
T10049,C1164,1.0,2022-12-28,1639.16,9182649071
T10050,C1313,16.0,2023-06-25,1514.59,9953408941
T10051,C1020,6.0,2023-12-21,808.25,9403144836
T10052,C1081,9.0,2023-01-07,2457.8,9172769884
T10053,C1068,4.0,2022-11-19,2246.19,9785963005
T10054,C1130,2.0,2023-06-09,2185.22,9080533234
T10055,C1086,4.0,2023-09-16,2622.39,9587386446
T10056,C1217,1.0,2023-06-16,2154.49,9964353483
T10057,C1420,19.0,2023-04-01,657.12,9099970392
T10058,C1471,10.0,2023-07-31,2101.97,9362871672
T10059,C1304,15.0,2023-09-04,888.49,9637835435
T10060,C1402,19.0,2023-10-13,688.63,9658896006
T10061,C1370,16.0,2023-03-14,172.66,9959094299
T10062,C1344,4.0,2022-11-19,2219.29,9518334675
T10063,C1340,2.0,2024-04-04,2118.55,9756456108
T10064,C1383,13.0,2024-01-26,665.22,9033278698
T10065,C1395,1.0,2023-05-10,2235.61,9463129902
T10066,C1444,17.0,2023-03-24,2749.41,9701835431
T10067,C1424,13.0,2023-12-06,279.49,9177164387
T10068,C1160,4.0,2024-05-10,659.54,9652102334
T10069,C1177,7.0,2023-07-05,2238.3,9955365302
T10070,C1116,17.0,2024-04-07,787.25,9466219118
T10071,C1195,9.0,2023-11-09,1855.23,9168688902
T10072,C1382,4.0,2023-01-24,197.55,9057505040
T10073,C1489,19.0,2023-12-23,1329.22,9108724746
T10074,C1326,1.0,2022-12-25,2204.23,9355510103
T10075,C1085,10.0,2024-02-01,2043.87,9220708138
T10076,C1288,4.0,2022-12-01,2435.97,9203994042
T10077,C1080,9.0,2024-02-25,2626.23,9439460908
T10078,C1151,13.0,2023-01-30,2308.21,9748609261
T10079,C1060,14.0,2023-09-28,1998.34,9594973692
T10080,C1060,10.0,2024-01-25,46.75,9775282507
T10081,C1353,6.0,2023-12-31,1581.65,9993827082
T10082,C1027,16.0,2024-01-13,64.98,9783803621
T10083,C1441,6.0,2023-09-04,2414.61,9579955265
T10084,C1042,17.0,2023-03-09,928.21,9284825874
T10085,C1168,10.0,2023-12-31,1665.41,9709311588
T10086,C1422,18.0,2022-12-03,802.31,9302283096
T10087,C1085,18.0,2023-10-10,2336.63,9319331516
T10088,C1176,3.0,2023-05-06,2653.83,9255065530
T10089,C1016,20.0,2024-02-26,1165.86,9102988942
T10090,C1097,15.0,2023-11-17,2581.91,9053295652
T10091,C1453,15.0,2023-02-10,764.58,9421875543
T10092,C1493,4.0,2024-02-02,1580.72,9613933158
T10093,C1197,9.0,2023-02-28,2569.22,9590195758
T10094,C1097,19.0,2023-07-19,943.94,9901786904
T10095,C1064,17.0,2024-02-01,2859.83,9527151698
T10096,C1329,11.0,2023-12-27,321.73,9164915937
T10097,C1340,9.0,2024-05-01,5.74,9058524142
T10098,C1004,10.0,2023-01-31,2707.61,9387437109
T10099,C1001,18.0,2023-12-22,159.38,9004096941
T10100,C1021,20.0,2023-09-25,2975.26,9459138405
T10101,C1111,13.0,2023-10-25,2851.76,9094090232
T10102,C1056,8.0,2023-06-26,367.91,9316270056
T10103,C1065,7.0,2023-10-19,1589.63,9884652998
T10104,C1329,17.0,2023-05-03,514.01,9710838801
T10105,C1097,15.0,2023-01-29,1255.87,9671186296
T10106,C1143,20.0,2024-04-17,137.35,9644476518
T10107,C1367,15.0,2023-03-08,632.97,9515748688
T10108,C1434,1.0,2024-05-08,1057.98,9214399191
T10109,C1124,14.0,2024-04-17,1287.87,9104138894
T10110,C1166,5.0,2023-05-29,2931.36,9027633490
T10111,C1085,11.0,2023-11-04,2413.99,9222214072
T10112,C1075,16.0,2023-11-06,2199.1,9183429671
T10113,C1343,2.0,2023-04-12,1587.98,9685252000
T10114,C1494,8.0,2023-07-11,2511.99,9313330168
T10115,C1423,11.0,2023-02-25,984.93,9087978213
T10116,C1293,18.0,2023-04-10,2112.14,9508492614
T10117,C1443,3.0,2030-01-31,2981.04,9905990145
T10118,C1058,1.0,2023-06-02,909.62,9124026766
T10119,C1137,11.0,2023-05-08,2005.75,9331091936
T10120,C1098,16.0,2023-04-17,2525.16,9842754807
T10121,C1191,18.0,2023-01-28,2743.21,9426777316
T10122,C1242,16.0,2023-05-12,2139.69,9505672755
T10123,C1318,10.0,2024-03-31,815.0,9525163699
T10124,C1048,18.0,2024-03-01,945.16,9960867381
T10125,C1447,6.0,2024-02-14,13.31,9709786356
T10126,C1031,19.0,2023-10-08,2270.7,9284546308
T10127,C1390,4.0,2023-10-01,80.36,9097857474
T10128,C1276,13.0,2023-04-15,2587.19,9689198776
T10129,C1019,14.0,2024-02-05,311.91,9584250873
T10130,C1153,3.0,2023-01-20,474.22,9416104074
T10131,C1382,10.0,2024-03-06,1403.41,9198514700
T10132,C1067,6.0,2024-02-07,2200.54,9398380251
T10133,C1365,1.0,2023-09-18,373.96,9950790538
T10134,C1371,14.0,2023-08-20,1292.22,9409573649
T10135,C1213,8.0,2023-01-08,1422.7,9396642020
T10136,C1142,19.0,2023-11-07,597.47,9200341906
T10137,C1375,14.0,2024-04-14,302.45,9478647558
T10138,C1231,10.0,2023-01-26,2501.08,9047907058
T10139,C1212,17.0,2023-09-25,1482.52,9282711894
T10140,C1078,9.0,2024-02-27,-6.14,9472167680
T10141,C1213,6.0,2024-02-17,2399.09,9499352182
T10142,C1115,11.0,2022-12-20,2941.42,9282824466
T10143,C1091,7.0,2023-01-09,1798.07,9242925794
T10144,C1269,17.0,2023-11-24,1486.31,9898806471
T10145,C1410,1.0,2023-09-01,2629.17,9288366246
T10146,C1380,5.0,2023-01-29,2855.18,9605855162
T10147,C1488,9.0,2023-02-12,2251.34,9066184772
T10148,C1167,18.0,2024-04-14,1308.63,9162275325
T10149,C1057,2.0,2023-12-10,1756.28,9807706333
T10150,C1283,11.0,2024-02-28,2087.85,9747829989
T10151,C1025,6.0,2022-12-24,542.53,9716688804
T10152,C1368,8.0,2024-02-15,1313.96,9103833652
T10153,C1446,4.0,2023-05-23,2480.95,9092027526
T10154,C1065,18.0,2023-10-07,1946.91,9717411121
T10155,C1408,11.0,2024-03-13,1204.17,9369143184
T10156,C1247,5.0,2024-04-08,1973.26,9867776836
T10157,C1253,15.0,2023-04-15,310.58,9581376445
T10158,C1386,18.0,2023-01-14,1174.57,9444514776
T10159,C1455,2.0,2024-02-16,2369.04,9812239392
T10160,C1043,11.0,2023-02-25,622.55,9633213949
T10161,C1096,13.0,2023-10-29,517.18,9244289964
T10162,C1041,4.0,2023-02-06,2850.0,9594425527
T10163,C1499,7.0,2024-04-11,590.19,9065480798
T10164,C1226,11.0,2023-05-07,745.8,9902799086
T10165,C1261,4.0,2022-12-22,2907.33,9415652006
T10166,C1166,15.0,2023-07-23,2190.86,9878755907
T10167,C1435,1.0,2024-02-03,2083.77,9561118447
T10168,C1278,3.0,2024-02-04,2551.43,9449502766
T10169,C1088,14.0,2024-05-01,303.26,9575004218
T10170,C1378,6.0,2024-04-30,2103.17,9737733572
T10171,C1177,18.0,2023-04-23,1486.25,9930820354
T10172,C1426,1.0,2023-11-19,2478.91,9509838807
T10173,C1402,6.0,2023-11-28,1499.83,9614947283
T10174,C1196,6.0,2023-08-28,1841.74,9946668636
T10175,C1306,16.0,2023-12-13,1407.11,9253018691
T10176,C1266,5.0,2024-01-04,1408.38,9511382735
T10177,C1267,17.0,2023-10-24,2292.31,9320890008
T10178,C1073,10.0,2023-01-04,1867.13,9084777341
T10179,C1007,18.0,2023-10-20,1881.45,9423917958
T10180,C1407,7.0,2023-01-18,1323.36,9969349638
T10181,C1475,3.0,2023-10-15,1569.88,9916910896
T10182,C1296,13.0,2023-02-16,2224.44,9766979905
T10183,C1163,15.0,2023-12-12,2469.12,9037289436
T10184,C1484,20.0,2023-08-29,2074.51,9539127345
T10185,C1084,19.0,2023-07-28,2768.42,9613342728
T10186,C1071,3.0,2023-04-14,2451.99,9966856259
T10187,C1054,4.0,2023-10-19,1663.68,9554928450
T10188,C1392,5.0,2023-02-03,1997.79,9859477004
T10189,C1046,1.0,2023-04-05,2775.24,9613627778
T10190,C1398,4.0,2023-11-05,1838.46,9727497537
T10191,C1431,12.0,2023-09-25,2465.66,9666013190
T10192,C1237,10.0,2023-12-18,2050.87,9158320719
T10193,C1103,20.0,2023-03-24,1633.41,9129151674
T10194,C1209,13.0,2023-02-06,687.61,9813025234
T10195,C1041,14.0,2023-09-25,1249.29,9482152746
T10196,C1315,5.0,2023-12-02,2901.62,9185627380
T10197,C1467,4.0,2023-10-14,1956.18,9179491823
T10198,C1453,14.0,2023-03-22,1671.41,9227515325
T10199,C1267,10.0,2024-05-04,2795.52,9868078090
T10200,C1385,17.0,2023-02-15,1738.86,9206938058
T10201,C1262,10.0,2024-01-19,1554.55,9135491190
T10202,C1335,7.0,2024-04-15,2265.9,9045822897
T10203,C1386,16.0,2023-11-17,2123.63,9454595339
T10204,C1364,1.0,2022-11-30,539.14,9084147554
T10205,X21551,17.0,2023-11-18,1387.49,9733500385
T10206,C1282,9.0,2023-09-24,1391.17,9467499938
T10207,C1113,6.0,2023-05-15,1103.58,9216809172
T10208,C1362,19.0,2023-06-19,1527.75,9883221403
T10209,C1039,13.0,2023-10-27,1209.98,9673479021
T10210,C1485,3.0,2024-03-23,558.0,9158783057
T10211,C1416,7.0,2023-05-27,1207.72,9895616775
T10212,C1219,9.0,2023-07-01,170.44,9638927559
T10213,C1128,5.0,2023-04-01,1706.15,9276903372
T10214,C1007,10.0,2023-04-19,2553.65,9343328397
T10215,C1100,17.0,2023-01-30,2162.13,9977968869
T10216,C1415,12.0,2023-09-10,1049.2,9780720904
T10217,C1379,16.0,2023-02-23,215.57,9981586784
T10218,C1175,3.0,2024-04-14,566.56,9866878665
T10219,C1106,9.0,2024-05-04,1613.75,9071953537
T10220,C1100,15.0,2022-12-20,581.52,9093445007
T10221,C1259,5.0,2023-10-22,1609.12,9416718295
T10222,C1477,13.0,2023-03-26,656.38,9597391512
T10223,C1453,14.0,2023-12-02,2539.22,9426656677
T10224,C1365,20.0,2023-04-18,1161.68,9592763677
T10225,C1245,15.0,2023-04-27,698.93,9350175988
T10226,C1274,16.0,2023-05-16,2427.59,9919793210
T10227,C1031,13.0,2023-04-30,995.66,9296568375
T10228,C1136,17.0,2024-02-03,290.04,9558010933
T10229,C1011,8.0,2022-12-26,1689.75,9491942526
T10230,C1394,2.0,2024-01-06,1723.77,9984795099
T10231,C1301,5.0,2023-11-20,2129.82,9937877255
T10232,C1374,6.0,2023-07-13,682.67,9013275526
T10233,C1015,12.0,2024-02-09,1303.5,9844552318
T10234,C1128,18.0,2023-08-30,811.22,9752061786
T10235,C1062,1.0,2024-02-14,196.91,9669003354
T10236,C1108,17.0,2023-07-09,2623.67,9630905018
T10237,C1374,11.0,2024-05-11,2173.05,9561096687
T10238,C1020,10.0,2023-07-14,869.46,9839328588
T10239,C1157,19.0,2023-09-24,1778.09,9450535448
T10240,C1268,14.0,2024-03-06,563.85,9120816186
T10241,C1161,10.0,2023-05-29,2665.22,9445004139
T10242,C1259,15.0,2023-11-23,300.46,9160677223
T10243,X60999,19.0,2024-02-06,-38.3,9159128258
T10244,C1101,4.0,2024-02-27,1481.13,9608375597
T10245,C1222,2.0,2023-08-27,1728.54,9631289471
T10246,C1058,9.0,2023-12-08,1715.84,9625644753
T10247,C1246,10.0,2024-04-09,116.26,9814301516
T10248,C1127,11.0,2024-05-05,907.83,9107593219
T10249,C1282,14.0,2024-01-14,1472.56,9993134057
T10250,C1324,7.0,2023-04-26,610.57,9113424523
T10251,C1024,15.0,2023-06-04,2611.51,9604177085
T10252,C1130,19.0,2023-04-02,215.68,9837029745
T10253,C1352,15.0,2023-07-26,1436.52,9108437656
T10254,C1195,8.0,2023-01-04,2058.82,9843687944
T10255,C1280,11.0,2024-03-18,748.34,9307189861
T10256,C1403,9.0,2023-11-27,1853.93,9931444476
T10257,C1417,15.0,2023-02-25,2479.62,9575132064
T10258,C1153,1.0,2024-04-23,530.53,9945038601
T10259,C1381,1.0,2023-03-19,2747.52,9369226717
T10260,C1132,19.0,2023-08-30,1638.35,9942631035
T10261,C1226,3.0,2023-02-05,862.66,9441189818
T10262,C1188,10.0,2023-04-25,1264.12,9283614547
T10263,C1475,8.0,2023-08-18,902.19,9411289794
T10264,C1476,15.0,2024-02-15,2161.59,9703072911
T10265,C1264,10.0,2024-04-20,2378.72,9521392697
T10266,C1371,1.0,2023-04-11,2490.46,9614205272
T10267,C1485,18.0,2024-02-02,2956.59,9653868135
T10268,C1433,2.0,2023-02-13,2363.42,9507929943
T10269,C1133,19.0,2023-06-27,1784.22,9040228456
T10270,C1210,13.0,2024-02-16,984.62,9184898049
T10271,C1059,1.0,2023-11-04,1611.02,9295723682
T10272,C1427,2.0,2022-12-09,75.26,9432689999
T10273,C1376,16.0,2024-01-10,2221.72,9154460628
T10274,C1394,15.0,2023-01-05,1310.16,9663834967
T10275,C1449,13.0,2023-12-22,11.07,9653538609
T10276,C1430,16.0,2024-04-09,140.65,9731017246
T10277,C1363,17.0,2023-11-29,1131.77,9744813102
T10278,C1363,7.0,2023-07-11,1729.44,9431343461
T10279,C1456,17.0,2023-12-12,1365.82,9041642429
T10280,C1212,7.0,2023-02-03,1838.57,9424979220
T10281,C1215,13.0,2023-11-30,1414.9,9955173035
T10282,C1225,,2023-06-29,1968.2,9943773575
T10283,C1469,17.0,2022-12-10,618.33,9355939049
T10284,C1130,3.0,2023-10-04,294.17,9741433502
T10285,C1075,7.0,2023-02-21,1769.12,9255098831
T10286,C1475,17.0,2023-10-21,1428.3,9052925780
T10287,C1285,7.0,2023-04-10,31.95,9800742774
T10288,C1473,1.0,2023-04-01,1110.47,9510261646
T10289,C1495,17.0,2022-12-21,273.68,9988739032
T10290,C1276,17.0,2023-09-01,1570.64,9288390253
T10291,C1155,11.0,2024-03-09,1157.12,9963180090
T10292,C1247,3.0,2023-04-03,1820.11,9399905152
T10293,C1217,15.0,2024-03-06,2407.09,9021724902
T10294,C1189,11.0,2024-02-14,863.99,9362780939
T10295,C1416,16.0,2022-11-17,2884.41,9877661452
T10296,C1468,9.0,2023-02-01,1583.69,9852177409
T10297,C1162,1.0,2022-12-01,1835.79,9325402780
T10298,C1179,16.0,2023-08-01,2026.05,9333879270
T10299,C1033,9.0,2023-06-20,1983.53,9301019924
T10300,C1040,19.0,2023-04-14,1508.46,9904999611
T10301,C1306,12.0,2024-05-05,1257.73,9527872109
T10302,C1430,19.0,2024-01-19,114.03,9921522577
T10303,C1337,9.0,2023-03-05,17.36,9747520637
T10304,C1313,7.0,2023-09-03,1041.78,9735354265
T10305,C1074,14.0,2023-07-13,967.67,9105460113
T10306,C1440,19.0,2023-09-16,1132.47,9932974300
T10307,C1278,19.0,2023-03-16,372.02,9244767409
T10308,C1175,2.0,2022-12-30,2201.41,9144295352
T10309,C1383,9.0,2023-07-14,2563.74,9322638422
T10310,C1149,13.0,2024-01-15,2813.08,9798567178
T10311,C1272,15.0,2024-02-23,1451.71,9475786397
T10312,C1324,3.0,2023-01-15,2087.64,9831109347
T10313,C1107,11.0,2023-03-05,2559.43,9886721049
T10314,C1138,14.0,2024-04-06,1225.79,9344529729
T10315,C1349,8.0,2024-05-13,893.71,9289287503
T10316,C1270,18.0,2022-11-28,2807.01,9782542411
T10317,C1346,19.0,2024-04-22,1522.81,9447506309
T10318,C1418,16.0,2023-07-17,1466.62,9649591392
T10319,C1288,2.0,2023-04-08,494.17,9693159203
T10320,C1211,8.0,2023-09-06,279.87,9095871030
T10321,C1380,6.0,2024-01-25,2518.43,9201794412
T10322,C1271,12.0,2022-11-13,1823.11,9474289591
T10323,C1417,15.0,2023-11-08,943.76,9226978821
T10324,C1065,8.0,2023-07-16,534.8,9980791007
T10325,C1482,4.0,2024-01-12,1644.27,9884730446
T10326,C1423,15.0,2023-05-22,1730.95,9437195843
T10327,C1247,20.0,2023-02-07,581.33,9795583423
T10328,C1155,17.0,2024-05-01,2546.79,9520185318
T10329,C1046,13.0,2023-11-16,207.01,9815499713
T10330,C1422,18.0,2023-01-20,1036.08,9554589168
T10331,X67064,2.0,2024-05-03,2025.17,9931137066
T10332,C1200,13.0,2024-04-14,786.07,9401483027
T10333,C1147,13.0,2024-04-14,2474.41,9881560713
T10334,C1123,15.0,2022-12-02,2206.6,9060350543
T10335,C1000,20.0,2023-12-16,2356.52,9553266624
T10336,C1455,10.0,2024-03-07,313.27,9849856342
T10337,C1246,3.0,2022-12-26,378.67,9170695366
T10338,C1342,19.0,2023-12-13,823.74,9070455681
T10339,C1127,3.0,2023-11-29,1530.14,9334065879
T10340,C1190,14.0,2023-07-29,2231.45,9761894343
T10341,C1066,8.0,2022-11-28,2501.42,9544167285
T10342,C1003,4.0,2023-11-12,2098.22,9433131502
T10343,C1441,20.0,2023-01-20,2782.22,9145652883
T10344,C1408,11.0,2023-10-31,2203.17,9838073130
T10345,C1302,11.0,2023-07-16,884.12,9914071410
T10346,C1293,11.0,2023-02-26,758.5,9562948033
T10347,C1142,2.0,2023-10-18,2073.39,9944176181
T10348,C1190,17.0,2023-03-28,538.26,9610607239
T10349,C1020,9.0,2022-12-27,232.78,9031082848
T10350,C1226,2.0,2023-11-07,1573.28,9186549068
T10351,C1312,15.0,2023-10-24,2456.01,9206978174
T10352,C1116,16.0,2023-05-10,259.21,9939717965
T10353,C1436,4.0,2024-03-01,2365.27,9894351711
T10354,C1301,8.0,2024-03-16,2425.29,9215528733
T10355,C1499,9.0,2023-05-17,1420.94,9898696871
T10356,C1141,5.0,2023-03-30,124.8,9061877074
T10357,C1483,16.0,2023-01-15,482.5,9267888133
T10358,C1459,13.0,2030-01-06,2107.65,9035509761
T10359,C1400,7.0,2022-12-19,2120.92,9490108029
T10360,C1038,20.0,2023-09-08,2689.98,9054287614
T10361,C1392,17.0,2023-06-06,1727.19,9985728359
T10362,C1354,3.0,2022-12-26,328.53,9386949792
T10363,C1251,5.0,2023-06-04,320.32,9756594938
T10364,C1332,19.0,2022-12-24,2149.45,9213792490
T10365,C1206,12.0,2023-10-01,510.54,9294181098
T10366,C1209,,2023-09-25,951.58,9395514868
T10367,C1114,9.0,2024-04-22,1436.0,9884233149
T10368,C1224,6.0,2023-12-24,25.53,9498450776
T10369,C1133,17.0,2024-03-10,708.9,9542375317
T10370,C1250,16.0,2023-07-29,1194.06,9426213526
T10371,C1218,3.0,2022-12-19,802.89,9682266083
T10372,C1406,4.0,2023-05-26,365.93,9991142702
T10373,C1442,10.0,2023-08-31,2170.44,9133007467
T10374,C1090,5.0,2023-11-12,2430.1,9731405402
T10375,C1353,10.0,2022-12-30,735.31,9032816979
T10376,C1375,12.0,2023-10-17,2311.98,9259779054
T10377,C1045,10.0,2023-08-18,1125.94,9399933139
T10378,C1037,13.0,2023-03-19,1495.39,9524830763
T10379,C1141,11.0,2023-11-23,2560.8,9637849448
T10380,C1099,16.0,2024-02-02,2237.36,9478999915
T10381,C1327,8.0,2023-12-26,2405.61,9190679038
T10382,C1189,8.0,2024-02-05,367.38,9934671611
T10383,C1034,8.0,2023-12-12,162.64,9509578849
T10384,C1146,13.0,2023-10-25,2674.88,9630157871
T10385,C1029,2.0,2023-05-22,1132.89,9591990078
T10386,C1333,12.0,2024-04-03,828.03,9375551835
T10387,C1083,10.0,2024-04-04,2160.32,9369634556
T10388,C1368,12.0,2023-11-23,2501.07,9175571407
T10389,C1280,11.0,2024-04-26,2580.59,9899423880
T10390,C1423,15.0,2023-08-12,913.79,9960453389
T10391,C1343,16.0,2023-02-04,2549.25,9277733976
T10392,C1269,17.0,2024-01-20,74.85,9804190892
T10393,C1153,2.0,2023-01-31,101.47,9892140083
T10394,C1101,18.0,2024-01-26,1851.73,9739647637
T10395,C1214,12.0,2023-05-15,142.47,9097057590
T10396,C1149,19.0,2023-09-08,940.06,9306090918
T10397,C1431,18.0,2023-10-06,2001.91,9029474736
T10398,C1082,17.0,2023-02-25,978.66,9415071728
T10399,C1109,6.0,2023-02-01,497.78,9053312407
T10400,C1434,15.0,2023-10-13,808.12,9174920492
T10401,C1386,3.0,2023-09-10,1345.6,9916783664
T10402,C1425,6.0,2023-09-21,1399.93,9614457408
T10403,C1274,3.0,2024-02-11,2338.15,9837336224
T10404,C1200,1.0,2024-01-22,2237.97,9230122826
T10405,C1283,13.0,2023-05-01,1343.29,9920316134
T10406,C1467,14.0,2024-02-09,2529.29,9237673911
T10407,C1172,13.0,2023-11-06,298.42,9695118868
T10408,C1326,4.0,2024-02-12,728.83,9241712209
T10409,C1205,7.0,2022-12-25,2475.33,9727669728
T10410,C1062,10.0,2023-11-08,1102.88,9221975705
T10411,C1072,7.0,2024-01-31,2942.6,9288926290
T10412,C1250,15.0,2023-08-20,1372.07,9699636574
T10413,C1123,15.0,2030-01-22,2365.4,9439705006
T10414,C1374,4.0,2023-01-27,1177.04,9551131533
T10415,C1120,6.0,2024-01-01,1246.11,9021531054
T10416,C1274,20.0,2023-11-19,1117.79,9928389318
T10417,C1430,,2024-04-20,2143.18,9837844678
T10418,C1499,20.0,2023-04-24,1619.93,9824174943
T10419,C1397,12.0,2022-12-13,2828.52,9732506384
T10420,C1119,1.0,2023-04-07,715.22,9009554136
T10421,C1421,8.0,2024-02-03,256.72,9509057994
T10422,C1436,1.0,2022-12-17,1149.45,9978732255
T10423,C1316,5.0,2023-03-21,1830.97,9142071170
T10424,C1163,6.0,2023-01-19,2575.44,9695109916
T10425,C1423,3.0,2023-07-11,1005.9,9185972787
T10426,C1464,15.0,2023-11-22,1944.05,9645471251
T10427,C1285,5.0,2023-11-17,1018.11,9859922040
T10428,C1264,14.0,2023-12-09,1832.52,9009087862
T10429,C1319,18.0,2022-12-15,2648.66,9240271240
T10430,C1160,16.0,2023-04-18,655.64,9271002172
T10431,C1375,6.0,2024-02-15,1182.94,9653204271
T10432,C1307,14.0,2023-11-26,2979.46,9864454042
T10433,C1088,8.0,2023-11-27,2599.1,9327984850
T10434,C1141,7.0,2024-02-09,1672.15,9765299271
T10435,C1202,8.0,2023-01-29,1525.71,9761678303
T10436,C1308,13.0,2023-04-01,818.03,9690137154
T10437,C1226,6.0,2024-05-07,1527.49,9295685474
T10438,C1488,18.0,2023-11-22,2536.95,9455059083
T10439,X18398,2.0,2023-12-24,2039.78,9961517523
T10440,C1333,8.0,2023-09-29,834.63,9404237434
T10441,C1221,11.0,2023-08-24,564.46,9914383690
T10442,C1040,1.0,2023-07-25,758.89,9374423649
T10443,C1195,6.0,2023-03-08,467.77,9492845370
T10444,C1067,16.0,2022-12-08,241.7,9270581558
T10445,C1475,20.0,2023-05-21,1228.37,9234300190
T10446,C1263,12.0,2024-04-06,295.56,9501113183
T10447,C1001,11.0,2024-04-25,474.33,9324425818
T10448,C1360,10.0,2023-12-13,1619.34,9727133833
T10449,C1124,3.0,2023-03-12,452.03,9559030686
T10450,C1109,13.0,2023-08-07,144.83,9885097007
T10451,C1085,3.0,2023-08-05,918.04,9669591945
T10452,C1424,15.0,2024-02-11,621.97,9426439295
T10453,C1119,16.0,2023-06-19,1521.68,9627588309
T10454,C1126,13.0,2023-08-31,262.22,9109856785
T10455,C1254,17.0,2024-03-28,2242.9,9007889398
T10456,C1182,3.0,2023-06-04,2714.01,9549233665
T10457,C1015,20.0,2023-03-17,2217.48,9711198748
T10458,C1476,11.0,2023-03-30,1575.12,9905469241
T10459,C1061,19.0,2023-01-26,2575.04,9901275714
T10460,C1368,11.0,2024-02-17,2069.5,9401826151
T10461,C1431,16.0,2023-05-07,-17.82,9602859986
T10462,C1157,3.0,2024-02-10,1151.97,9695078308
T10463,C1267,6.0,2023-02-09,2545.4,9637558411
T10464,C1034,14.0,2023-10-05,1004.87,9653962570
T10465,C1266,18.0,2023-11-02,57.41,9303521991
T10466,C1063,17.0,2023-01-17,2225.85,9320486085
T10467,C1493,4.0,2023-09-05,2396.22,9734883010
T10468,C1049,15.0,2023-09-15,439.81,9116076355
T10469,C1468,11.0,2023-04-22,1588.89,9517262695
T10470,X10692,3.0,2023-05-09,535.46,9068544512
T10471,C1148,3.0,2023-11-17,2143.66,9361081823
T10472,C1324,16.0,2024-04-15,778.23,9296871629
T10473,C1303,5.0,2023-06-29,914.46,9687833374
T10474,C1275,10.0,2023-03-16,2527.16,9349113269
T10475,C1356,19.0,2023-06-05,1402.78,9925019561
T10476,C1450,4.0,2023-04-03,1992.75,9297302928
T10477,C1171,19.0,2023-07-12,1177.24,9280404354
T10478,C1416,11.0,2024-03-31,858.92,9704503060
T10479,C1200,2.0,2022-12-08,1857.71,9763531123
T10480,C1444,10.0,2023-11-16,422.32,9958179065
T10481,C1392,11.0,2023-11-24,1087.65,9699506796
T10482,C1323,20.0,2024-03-04,587.56,9320824516
T10483,C1034,16.0,2023-03-24,2072.17,9202250101
T10484,C1464,19.0,2023-02-08,2829.84,9160985353
T10485,C1481,11.0,2023-01-18,2986.31,9555439758
T10486,C1215,14.0,2023-09-24,1323.34,9821921869
T10487,C1479,2.0,2023-12-24,720.22,9258022386
T10488,C1064,5.0,2024-03-16,1300.63,9966031608
T10489,C1007,5.0,2024-05-03,2534.17,9060961339
T10490,C1300,19.0,2024-01-06,578.32,9864823687
T10491,C1342,12.0,2024-01-05,2853.89,9920535352
T10492,C1430,18.0,2023-01-26,992.69,9861531511
T10493,C1423,4.0,2023-03-20,2956.7,9869761986
T10494,C1331,17.0,2023-10-02,2507.76,9644280854
T10495,C1437,10.0,2023-01-26,2416.14,9433897383
T10496,C1075,20.0,2024-02-15,919.61,9709239039
T10497,C1173,6.0,2024-03-03,-23.23,9343152572
T10498,C1046,14.0,2024-04-24,1115.51,9730955923
T10499,C1014,11.0,2023-10-30,870.52,9150248163
T10500,C1360,11.0,2023-03-23,64.06,9774471936
T10501,C1146,18.0,2023-05-17,1491.36,9027332385
T10502,C1025,18.0,2023-03-24,1179.25,9703731001
T10503,C1307,11.0,2024-01-29,1885.4,9534050001
T10504,C1092,12.0,2024-04-09,1844.62,9317403063
T10505,C1405,5.0,2023-01-07,318.28,9278556835
T10506,C1231,9.0,2023-03-19,2929.74,9973788877
T10507,C1020,9.0,2024-04-25,520.14,9449431487
T10508,C1306,10.0,2023-04-17,1308.09,9434434754
T10509,C1037,19.0,2023-09-19,1438.76,9416907018
T10510,C1275,1.0,2023-04-29,2429.84,9791060070
T10511,C1156,7.0,2023-04-26,252.65,9037923492
T10512,C1178,4.0,2023-10-08,1257.37,9626016935
T10513,C1131,1.0,2023-06-30,1866.93,9760283250
T10514,C1310,15.0,2023-11-01,606.22,9614225883
T10515,C1454,8.0,2024-04-26,1863.78,9876189113
T10516,C1347,12.0,2023-08-29,2767.18,9203919854
T10517,C1027,18.0,2023-01-31,2992.43,9368472812
T10518,C1259,15.0,2023-07-26,48.98,9780126986
T10519,C1405,,2023-06-01,668.54,9765974442
T10520,C1075,14.0,2023-08-20,896.44,9238760659
T10521,C1428,14.0,2023-03-20,1167.33,9736928463
T10522,C1066,18.0,2023-09-18,688.88,9574060064
T10523,C1341,20.0,2024-05-11,570.64,9685383997
T10524,C1491,18.0,2023-02-15,2861.39,9842776797
T10525,C1193,16.0,2024-04-09,2751.49,9510816782
T10526,C1471,1.0,2023-05-03,93.33,9973375420
T10527,C1161,11.0,2023-04-18,983.38,9721413281
T10528,C1346,15.0,2023-05-06,1185.7,9384933362
T10529,C1438,12.0,2023-10-23,678.99,9544725181
T10530,C1360,8.0,2022-12-24,1868.06,9322331737
T10531,C1256,20.0,2022-12-11,1903.16,9907762007
T10532,C1071,6.0,2023-02-03,2544.04,9182521788
T10533,C1086,3.0,2022-12-28,2209.65,9902628927
T10534,C1421,13.0,2023-08-10,1604.85,9706108387
T10535,C1261,13.0,2023-06-15,1943.44,9941129111
T10536,C1213,2.0,2024-01-12,785.67,9599414278
T10537,C1152,5.0,2022-12-13,1758.82,9194493146
T10538,C1209,17.0,2024-04-04,1442.14,9315448230
T10539,C1400,6.0,2023-09-04,356.7,9104800493
T10540,C1060,2.0,2023-09-17,689.76,9505497119
T10541,C1267,4.0,2024-03-20,839.67,9137378973
T10542,C1261,11.0,2023-07-20,2769.14,9795555607
T10543,C1217,8.0,2024-01-01,652.68,9277725308
T10544,C1282,12.0,2023-09-12,832.19,9778663220
T10545,C1135,8.0,2024-02-19,1076.53,9867952618
T10546,C1466,11.0,2023-01-25,1974.42,9600255667
T10547,C1379,20.0,2023-01-12,310.63,9819177195
T10548,C1361,8.0,2023-04-22,2859.53,9979923381
T10549,C1448,8.0,2024-02-05,2589.99,9196568144
T10550,C1440,17.0,2024-01-11,1710.51,9729835592
T10551,C1092,20.0,2024-03-21,2005.82,9965928653
T10552,C1108,20.0,2024-03-01,0.81,9360382610
T10553,C1240,16.0,2023-06-08,983.78,9702693852
T10554,C1354,14.0,2023-10-26,2376.76,9095884955
T10555,C1423,11.0,2023-04-08,186.32,9238642889
T10556,C1141,7.0,2023-09-28,811.06,9381482646
T10557,C1290,16.0,2023-10-04,1735.16,9239796534
T10558,C1431,13.0,2023-10-31,732.06,9799089320
T10559,C1236,15.0,2023-12-25,2798.63,9935693232
T10560,C1339,16.0,2023-03-25,349.73,9329730298
T10561,C1311,9.0,2023-11-26,2382.05,9451478978
T10562,C1176,3.0,2024-04-22,1499.24,9846205663
T10563,C1140,19.0,2023-02-28,2238.51,9952241015
T10564,C1188,20.0,2023-10-04,897.68,9355749066
T10565,C1485,5.0,2023-07-17,1519.19,9399090969
T10566,C1048,10.0,2024-03-03,2563.35,9279773344
T10567,C1301,17.0,2023-03-17,1373.98,9628751749
T10568,C1368,15.0,2023-08-12,1047.15,9315734988
T10569,C1189,8.0,2024-02-15,1585.27,9497959181
T10570,C1135,15.0,2023-07-23,2137.96,9913983958
T10571,C1042,14.0,2023-04-05,1302.87,9126466892
T10572,C1403,20.0,2023-02-19,2813.57,9505234798
T10573,C1379,7.0,2023-01-02,849.58,9057635190
T10574,C1352,12.0,2023-09-05,1400.16,9930282799
T10575,C1089,17.0,2023-12-10,2258.63,9681178315
T10576,C1294,17.0,2024-01-14,2051.82,9626608478
T10577,C1340,10.0,2023-07-24,2584.11,9623106450
T10578,C1244,19.0,2023-04-24,2990.27,9666422911
T10579,C1432,14.0,2023-10-13,1251.92,9076467315
T10580,C1191,11.0,2023-09-28,289.01,9507042021
T10581,C1317,2.0,2023-05-25,42.77,9955013965
T10582,C1105,18.0,2023-04-24,2166.97,9208889819
T10583,C1362,7.0,2024-04-05,2615.74,9537383490
T10584,C1309,12.0,2024-04-22,623.17,9128651382
T10585,C1381,2.0,2024-03-04,433.27,9931468622
T10586,C1232,20.0,2030-03-19,139.73,9730893658
T10587,C1264,18.0,2023-09-23,2459.24,9409814203
T10588,C1343,6.0,2024-04-04,899.71,9568909764
T10589,C1036,10.0,2022-12-05,1175.18,9320357050
T10590,C1304,20.0,2023-02-12,1483.39,9443570539
T10591,C1040,15.0,2023-12-19,2510.33,9058048598
T10592,C1016,5.0,2024-04-12,1935.04,9935067146
T10593,C1343,20.0,2024-02-23,1825.95,9917232970
T10594,C1276,3.0,2023-07-16,485.8,9161897130
T10595,C1306,5.0,2023-06-20,1515.23,9147494816
T10596,C1058,8.0,2023-11-08,2131.91,9215066828
T10597,C1422,8.0,2022-12-31,2918.45,9367938988
T10598,C1182,8.0,2023-01-02,564.29,9439366395
T10599,C1040,12.0,2023-08-27,-20.89,9611392447
T10600,C1038,8.0,2024-04-01,179.67,9958685151
T10601,C1396,11.0,2024-03-07,1096.35,9973476813
T10602,C1191,14.0,2023-08-31,2452.66,9491313587
T10603,C1266,8.0,2024-05-14,-28.22,9153785761
T10604,C1493,10.0,2022-11-20,1343.03,9339714150
T10605,C1146,7.0,2023-03-02,954.15,9925988445
T10606,C1394,17.0,2024-01-27,110.07,9768443155
T10607,C1332,4.0,2023-03-29,1323.22,9193656603
T10608,C1126,13.0,2023-08-09,726.98,9836381727
T10609,C1045,4.0,2023-11-21,1023.25,9086770648
T10610,C1044,5.0,2023-12-29,2102.13,9523535947
T10611,C1000,4.0,2023-11-21,1540.73,9357158145
T10612,C1167,18.0,2022-12-28,330.17,9677566277
T10613,C1107,6.0,2023-12-27,2882.31,9189863614
T10614,C1018,2.0,2023-01-03,1889.53,9336525794
T10615,C1331,11.0,2023-05-30,2285.9,9681288086
T10616,C1071,14.0,2023-11-18,191.6,9062291621
T10617,C1455,5.0,2023-09-03,93.53,9005061082
T10618,C1444,6.0,2023-01-26,9.32,9485388459
T10619,C1108,10.0,2023-12-12,525.82,9293698307
T10620,C1267,8.0,2024-04-11,1213.95,9224822604
T10621,C1444,14.0,2024-02-16,2804.27,9817325063
T10622,C1239,3.0,2023-08-25,1344.03,9830584689
T10623,C1416,12.0,2023-03-13,835.28,9181039053
T10624,C1300,16.0,2023-03-23,1663.9,9618774770
T10625,C1089,17.0,2023-02-19,291.4,9820858166
T10626,C1102,1.0,2023-12-20,1808.99,9170118413
T10627,C1475,10.0,2023-11-29,1683.72,9525679392
T10628,C1249,,2023-10-25,2365.58,9843113786
T10629,C1452,2.0,2023-11-21,2959.4,9819876144
T10630,C1007,9.0,2023-04-08,715.16,9837252824
T10631,C1152,13.0,2023-06-03,1504.45,9094533678
T10632,C1346,16.0,2024-04-16,2722.04,9138948590
T10633,C1173,18.0,2023-12-28,2344.83,9659792599
T10634,C1342,19.0,2024-04-07,1436.59,9465694083
T10635,C1157,12.0,2022-12-23,2833.38,9680202067
T10636,C1492,8.0,2022-12-28,124.57,9461075177
T10637,C1430,17.0,2022-12-21,2789.55,9433140455
T10638,C1214,15.0,2023-04-01,104.05,9460662565
T10639,C1176,10.0,2023-10-19,1619.28,9512604642
T10640,C1174,15.0,2024-03-11,2665.84,9411582876
T10641,C1339,15.0,2024-04-26,751.3,9005013454
T10642,C1337,7.0,2024-02-22,1390.36,9040507249
T10643,C1145,13.0,2023-04-13,939.2,9573144707
T10644,C1449,17.0,2024-04-22,2854.04,9214119421
T10645,C1323,9.0,2023-04-04,2462.12,9784539206
T10646,C1477,8.0,2023-10-13,2112.45,9400614581
T10647,C1160,20.0,2023-10-04,1742.26,9015115189
T10648,C1126,18.0,2023-04-27,2452.8,9957784570
T10649,C1419,13.0,2023-12-19,1146.41,9345973716
T10650,C1081,16.0,2023-09-14,1315.03,9812659064
T10651,C1484,9.0,2023-10-22,2176.51,9894672466
T10652,C1146,12.0,2024-04-14,1041.15,9570193187
T10653,C1238,12.0,2024-04-16,144.9,9204630191
T10654,C1411,6.0,2024-05-10,176.72,9019237294
T10655,C1423,19.0,2024-03-27,301.86,9726652789
T10656,C1083,7.0,2023-09-14,2602.53,9004427929
T10657,C1112,3.0,2024-03-12,1390.29,9672899961
T10658,C1224,16.0,2022-11-29,2124.29,9787700486
T10659,C1331,18.0,2023-11-24,1148.37,9267171793
T10660,C1377,16.0,2023-10-17,739.07,9242950952
T10661,C1242,7.0,2023-03-04,1008.94,9744666527
T10662,C1142,4.0,2024-01-12,2372.26,9941655622
T10663,C1040,8.0,2023-09-23,1856.91,9369742752
T10664,C1422,13.0,2022-12-09,2809.8,9335106513
T10665,C1257,13.0,2024-03-11,2023.1,9138438399
T10666,C1446,17.0,2023-08-10,1689.05,9110282113
T10667,C1284,17.0,2023-07-03,1811.1,9411834185
T10668,C1104,5.0,2023-01-03,2824.23,9540453426
T10669,C1201,6.0,2024-03-17,2354.01,9632080338
T10670,C1449,19.0,2023-05-05,23.33,9328688580
T10671,C1306,13.0,2024-05-01,1579.13,9179336562
T10672,C1330,14.0,2023-12-06,2049.43,9070101400
T10673,C1460,4.0,2023-04-12,2233.53,9884595578
T10674,C1265,7.0,2023-07-18,600.08,9049089708
T10675,C1397,8.0,2022-12-14,2594.89,9320192227
T10676,C1209,13.0,2023-03-04,2865.32,9312273967
T10677,C1050,6.0,2023-05-26,671.98,9489547144
T10678,C1117,6.0,2022-12-01,2641.98,9781503560
T10679,C1200,3.0,2024-02-06,245.79,9558655427
T10680,C1376,3.0,2023-09-29,119.91,9640347321
T10681,C1038,13.0,2024-01-14,344.13,9562767039
T10682,C1027,2.0,2023-04-16,126.11,9362747729
T10683,C1258,16.0,2024-01-08,2527.29,9465644493
T10684,C1083,6.0,2023-06-08,130.1,9953454865
T10685,C1453,8.0,2024-01-06,778.58,9737424573
T10686,C1154,8.0,2024-04-08,266.46,9143655310
T10687,C1116,6.0,2024-03-08,851.04,9368006578
T10688,C1001,14.0,2023-01-14,226.21,9967853460
T10689,C1092,3.0,2023-04-02,1987.41,9526325353
T10690,C1165,10.0,2024-04-26,356.65,9385742696
T10691,C1386,3.0,2023-06-12,2548.13,9805430477
T10692,C1399,12.0,2023-10-10,2442.43,9202320914
T10693,X20489,17.0,2024-03-15,-8.33,9177042316
T10694,C1295,5.0,2024-05-03,2681.97,9973770270
T10695,C1257,20.0,2023-12-02,38.28,9985915551
T10696,C1080,9.0,2023-09-29,680.92,9871887294
T10697,C1424,20.0,2023-05-08,48.79,9433138485
T10698,C1267,7.0,2024-02-25,974.32,9020535029
T10699,C1418,4.0,2024-05-10,1517.29,9245262270
T10700,C1234,13.0,2023-10-28,2379.77,9240863230
T10701,C1320,13.0,2023-11-09,980.84,9780791577
T10702,C1310,10.0,2023-08-09,2101.74,9140881133
T10703,C1300,18.0,2024-03-21,521.89,9226763783
T10704,C1462,17.0,2023-05-27,2239.33,9788208775
T10705,C1473,,2023-07-22,669.79,9023529192
T10706,C1356,20.0,2023-08-24,387.81,9633177858
T10707,C1212,13.0,2023-09-13,515.5,9541846158
T10708,C1061,17.0,2023-06-30,505.29,9181445989
T10709,C1048,4.0,2023-09-12,1514.23,9132244172
T10710,C1126,1.0,2023-09-03,2526.63,9393624575
T10711,C1222,1.0,2023-06-12,192.8,9763548641
T10712,C1408,15.0,2024-03-26,2106.22,9698512415
T10713,C1278,13.0,2023-10-02,1945.76,9850540063
T10714,C1407,17.0,2024-03-17,2611.19,9040118673
T10715,C1293,8.0,2023-11-04,694.65,9402859804
T10716,C1283,18.0,2023-08-19,1322.84,9941182097
T10717,C1276,13.0,2023-09-02,2773.77,9687539531
T10718,C1437,14.0,2023-03-16,1962.98,9274651533
T10719,C1106,8.0,2023-12-05,1135.74,9828123020
T10720,C1145,8.0,2023-12-21,350.81,9574165650
T10721,C1419,15.0,2023-10-31,750.58,9669085879
T10722,C1098,13.0,2023-04-10,1722.71,9052169850
T10723,C1428,7.0,2023-09-05,2140.41,9637721108
T10724,C1374,5.0,2022-12-25,329.49,9051497057
T10725,C1072,17.0,2023-09-02,1778.77,9710784787
T10726,C1436,16.0,2023-01-31,1628.57,9116085930
T10727,C1485,2.0,2023-11-01,1517.56,9701762883
T10728,C1121,18.0,2024-02-07,2054.88,9897777024
T10729,C1029,17.0,2023-08-01,2504.22,9021197567
T10730,C1187,7.0,2024-03-16,935.12,9051791998
T10731,C1363,13.0,2023-06-19,2661.49,9740613153
T10732,C1353,18.0,2023-06-06,439.93,9124328383
T10733,C1287,14.0,2023-08-16,477.72,9447509357
T10734,C1450,18.0,2023-08-17,763.65,9477078832
T10735,C1194,13.0,2023-04-01,314.57,9408294370
T10736,C1155,11.0,2023-03-03,652.47,9132709191
T10737,C1171,16.0,2023-07-15,274.56,9587639985
T10738,C1334,17.0,2023-07-18,2456.34,9271375678
T10739,C1040,8.0,2023-01-02,373.86,9509379184
T10740,C1062,19.0,2024-05-08,2229.26,9753625262
T10741,C1022,20.0,2023-07-01,96.14,9164418972
T10742,C1359,15.0,2023-07-08,2842.99,9220648482
T10743,C1074,9.0,2023-01-04,2119.04,9746456758
T10744,C1047,20.0,2023-02-22,-29.27,9736307746
T10745,C1159,10.0,2024-01-09,2279.76,9676791654
T10746,C1312,12.0,2023-10-16,1517.95,9009990686
T10747,C1117,20.0,2024-03-09,2327.06,9323321334
T10748,C1099,1.0,2023-02-22,1543.62,9451907286
T10749,C1379,20.0,2023-04-01,1905.13,9710456933
T10750,C1416,9.0,2022-11-17,2348.31,9108426285
T10751,C1407,15.0,2023-04-22,1185.58,9711335671
T10752,C1166,1.0,2024-01-02,-41.74,9558677789
T10753,C1289,12.0,2024-03-13,2542.34,9289885759
T10754,C1439,3.0,2024-03-14,1111.72,9668724016
T10755,C1155,11.0,2023-06-04,1462.93,9650294914
T10756,C1420,2.0,2023-09-02,-26.31,9752399189
T10757,C1006,16.0,2023-10-06,1450.88,9147278210
T10758,C1195,,2023-08-31,2958.79,9449710722
T10759,C1420,15.0,2023-01-11,798.72,9891906567
T10760,C1055,12.0,2023-02-11,1156.03,9964887950
T10761,C1320,1.0,2023-07-07,2045.93,9112650803
T10762,C1192,13.0,2024-05-12,2435.12,9549309976
T10763,C1046,14.0,2022-12-20,1223.04,9771769353
T10764,C1147,8.0,2023-05-10,894.49,9663248135
T10765,C1274,8.0,2024-01-13,2810.37,9126416530
T10766,C1156,12.0,2023-05-11,2015.29,9303554082
T10767,C1201,1.0,2022-12-19,313.01,9122420042
T10768,C1443,11.0,2023-12-23,160.23,9842629710
T10769,C1401,8.0,2024-04-02,1424.83,9114099789
T10770,C1475,10.0,2023-05-21,621.27,9534443249
T10771,C1418,19.0,2023-09-04,724.65,9213295228
T10772,C1426,11.0,2022-12-20,2626.96,9653910715
T10773,C1494,7.0,2022-11-21,223.18,9214479266
T10774,C1478,11.0,2023-09-13,2131.86,9835327024
T10775,C1474,17.0,2023-03-01,776.98,9282387564
T10776,C1125,1.0,2023-10-21,2269.0,9892815061
T10777,C1394,8.0,2023-08-30,2153.35,9561723850
T10778,C1304,6.0,2024-02-20,-27.45,9216544937
T10779,C1368,18.0,2024-05-01,1502.86,9384315640
T10780,C1293,6.0,2024-03-31,374.92,9755309458
T10781,C1063,5.0,2023-03-29,2591.99,9439972403
T10782,C1324,13.0,2024-04-11,2608.34,9317130941
T10783,C1391,19.0,2024-03-05,1225.95,9172199842
T10784,C1417,8.0,2023-08-18,1305.41,9042311558
T10785,C1175,9.0,2023-05-28,875.01,9588559516
T10786,C1115,17.0,2023-03-07,2135.65,9532956813
T10787,C1439,3.0,2023-10-16,1043.92,9977487986
T10788,C1203,19.0,2023-04-27,766.77,9223009714
T10789,C1485,11.0,2024-02-24,1268.3,9738953322
T10790,C1320,17.0,2023-08-02,229.04,9516108982
T10791,C1030,19.0,2023-05-21,2227.14,9354982932
T10792,C1387,2.0,2022-11-26,-11.58,9251798116
T10793,C1112,8.0,2023-10-23,1915.68,9002939907
T10794,C1364,19.0,2023-09-10,507.74,9013689561
T10795,C1433,7.0,2023-05-28,658.83,9721160591
T10796,C1324,17.0,2023-05-10,1888.68,9095566069
T10797,C1413,6.0,2024-01-01,2978.48,9973755033
T10798,C1375,19.0,2024-01-23,2322.04,9118574293
T10799,C1343,6.0,2024-04-22,638.81,9896823706
T10800,C1442,2.0,2023-10-13,486.88,9616491837
T10801,C1066,6.0,2023-02-08,2592.01,9718356830
T10802,C1074,5.0,2023-12-27,1304.76,9530540166
T10803,C1044,19.0,2023-02-17,368.01,9160142678
T10804,C1259,20.0,2023-05-20,2579.74,9096725534
T10805,C1153,4.0,2023-04-04,2439.08,9837009907
T10806,C1154,17.0,2024-03-14,2950.91,9549439435
T10807,C1429,11.0,2023-10-09,2724.72,9080582403
T10808,C1362,4.0,2023-07-24,2547.96,9776920515
T10809,C1447,13.0,2022-11-18,110.35,9776934082
T10810,C1474,20.0,2023-08-06,268.47,9108759822
T10811,C1233,17.0,2023-12-09,1685.4,9971499471
T10812,C1050,9.0,2023-07-11,1571.01,9274762050
T10813,C1305,4.0,2024-02-12,1346.79,9691851361
T10814,C1261,14.0,2023-08-12,1160.21,9248206466
T10815,C1314,,2023-10-15,1265.19,9490432899
T10816,C1124,3.0,2023-09-17,1686.36,9317851397
T10817,C1398,14.0,2022-11-23,-43.67,9283602087
T10818,C1244,8.0,2023-08-06,745.16,9498514021
T10819,C1029,1.0,2023-11-15,1530.75,9053773200
T10820,X39066,10.0,2030-03-09,2152.76,9107169001
T10821,C1484,18.0,2023-01-14,481.18,9873143678
T10822,C1121,16.0,2023-03-13,1617.99,9187584639
T10823,C1124,8.0,2024-03-02,2129.1,9938601161
T10824,C1036,1.0,2023-09-22,1306.11,9042353230
T10825,C1169,12.0,2023-04-24,32.6,9915095060
T10826,C1123,8.0,2024-01-01,1320.27,9311994135
T10827,C1356,16.0,2024-04-09,854.16,9386777550
T10828,C1034,18.0,2023-09-26,2785.43,9860707259
T10829,C1086,4.0,2023-03-12,330.07,9726672529
T10830,C1133,6.0,2023-09-10,1940.05,9335766697
T10831,C1195,12.0,2023-11-23,110.8,9457408869
T10832,C1273,9.0,2023-06-26,1310.82,9793001503
T10833,C1200,15.0,2023-06-24,1639.64,9124447810
T10834,C1368,16.0,2023-03-28,858.76,9102003827
T10835,C1284,12.0,2024-03-15,1337.98,9914018323
T10836,C1076,14.0,2023-04-17,448.84,9814115345
T10837,C1058,13.0,2024-02-20,877.58,9955943775
T10838,C1430,2.0,2023-11-29,1844.37,9049273037
T10839,C1125,3.0,2024-01-11,870.49,9010385578
T10840,C1499,10.0,2024-03-08,2694.22,9914826667
T10841,C1400,9.0,2024-05-15,1866.64,9148599901
T10842,C1108,20.0,2023-06-23,1287.88,9712272035
T10843,C1223,8.0,2023-07-23,68.21,9694924237
T10844,C1495,10.0,2023-02-03,1473.62,9183086166
T10845,C1277,19.0,2024-05-03,2282.57,9352896879
T10846,C1067,,2024-02-12,759.95,9383892122
T10847,C1068,5.0,2024-05-05,2410.66,9960491718
T10848,C1164,3.0,2023-11-17,718.01,9469992383
T10849,C1488,16.0,2023-01-30,2462.43,9667660223
T10850,C1304,17.0,2023-03-06,210.07,9288095021
T10851,C1396,15.0,2023-01-14,2591.86,9943255923
T10852,C1161,3.0,2024-04-12,1472.52,9787125715
T10853,C1364,12.0,2023-06-07,854.44,9099805719
T10854,C1341,9.0,2024-05-14,758.6,9400099988
T10855,C1308,12.0,2023-04-14,1267.63,9875061242
T10856,C1378,15.0,2023-04-29,2997.1,9367995726
T10857,C1342,2.0,2023-10-13,622.0,9196354549
T10858,C1434,18.0,2024-04-27,264.81,9122226183
T10859,C1386,20.0,2024-02-07,1734.36,9430331581
T10860,C1041,12.0,2023-03-11,1440.05,9429765405
T10861,C1353,4.0,2023-06-10,1548.8,9490204687
T10862,C1415,16.0,2024-03-26,1984.15,9291878557
T10863,C1108,16.0,2023-02-13,764.79,9897335002
T10864,C1050,1.0,2024-04-17,2727.53,9414158850
T10865,C1249,2.0,2024-02-11,1278.8,9740777094
T10866,C1496,3.0,2023-01-07,343.71,9913401654
T10867,C1340,20.0,2024-02-19,2214.01,9513511668
T10868,C1429,17.0,2023-03-27,1911.47,9858885115
T10869,C1382,20.0,2024-04-20,913.02,9452839683
T10870,C1491,1.0,2024-01-11,1845.63,9696693603
T10871,C1020,20.0,2024-02-22,620.58,9951468274
T10872,C1299,6.0,2023-01-10,1306.76,9855675121
T10873,C1138,15.0,2024-02-28,2693.21,9179077296
T10874,C1358,14.0,2023-09-23,357.28,9121393557
T10875,C1323,20.0,2022-12-04,1129.42,9142283221
T10876,C1498,15.0,2023-12-22,2454.48,9747506709
T10877,C1384,14.0,2023-07-30,2906.95,9779977998
T10878,C1091,5.0,2022-11-15,1334.47,9062971085
T10879,C1446,6.0,2023-06-23,1496.35,9906613744
T10880,C1279,17.0,2023-01-25,1695.12,9171149511
T10881,C1124,11.0,2022-12-28,2793.66,9111361103
T10882,C1482,16.0,2024-01-19,2567.53,9446706352
T10883,C1396,12.0,2023-10-30,470.33,9978422280
T10884,C1110,15.0,2023-01-16,1282.11,9634313309
T10885,C1353,4.0,2023-01-12,1365.2,9518268171
T10886,C1138,18.0,2023-01-21,2356.74,9861425250
T10887,C1483,3.0,2024-03-09,1788.82,9610898358
T10888,C1434,8.0,2022-12-14,1945.37,9728419083
T10889,C1272,3.0,2023-09-01,2994.51,9470473733
T10890,C1098,8.0,2024-01-04,178.63,9194627041
T10891,C1251,18.0,2023-05-15,630.18,9656403241
T10892,C1337,10.0,2023-03-30,1194.08,9407754288
T10893,C1103,20.0,2024-01-16,1010.74,9836621291
T10894,C1213,17.0,2023-11-30,16.02,9385042651
T10895,C1248,8.0,2023-12-08,229.92,9656441105
T10896,C1151,11.0,2024-02-14,2026.91,9030941191
T10897,C1249,5.0,2023-12-03,2631.94,9926183684
T10898,C1274,13.0,2023-12-01,1518.39,9734937767
T10899,C1164,5.0,2030-03-26,1594.53,9944839377
T10900,C1486,13.0,2023-03-28,728.03,9900371680
T10901,C1340,6.0,2023-11-03,2292.02,9780909484
T10902,C1007,5.0,2023-03-13,2242.97,9957523022
T10903,C1283,9.0,2023-05-13,1744.52,9140290090
T10904,C1004,16.0,2024-05-15,598.63,9518702826
T10905,C1144,2.0,2023-12-19,245.91,9988269810
T10906,C1100,1.0,2024-05-06,145.93,9524117847
T10907,C1163,8.0,2023-03-22,1757.72,9121265692
T10908,C1373,19.0,2023-06-28,2466.36,9953046726
T10909,C1146,11.0,2022-11-15,2567.91,9441613113
T10910,C1063,12.0,2022-12-05,1364.05,9473185010
T10911,C1090,12.0,2023-09-13,2342.03,9049362414
T10912,C1116,7.0,2024-02-29,2837.98,9068006560
T10913,C1353,13.0,2024-01-20,789.27,9280904676
T10914,X21938,8.0,2024-05-09,1163.78,9703272515
T10915,C1309,9.0,2023-12-05,2791.01,9337410428
T10916,C1172,7.0,2023-07-05,981.6,9013271672
T10917,C1046,15.0,2023-07-23,2737.32,9756524312
T10918,C1139,2.0,2024-02-26,2942.19,9932364679
T10919,C1245,20.0,2023-11-01,1968.52,9727920634
T10920,C1148,12.0,2023-04-19,2441.52,9563518937
T10921,C1245,1.0,2023-08-21,2236.11,9824127682
T10922,C1394,8.0,2023-05-24,2083.58,9798459991
T10923,C1486,5.0,2023-03-07,886.14,9619172154
T10924,C1475,15.0,2022-12-14,124.14,9777145921
T10925,C1004,1.0,2024-01-15,996.31,9606677256
T10926,C1464,1.0,2022-11-28,1984.15,9240501969
T10927,C1183,10.0,2023-07-16,262.71,9719239897
T10928,C1019,10.0,2023-06-11,-13.65,9937530764
T10929,C1424,15.0,2023-01-19,376.06,9363247548
T10930,C1045,17.0,2023-02-23,2132.99,9557379037
T10931,C1011,6.0,2022-12-16,2917.02,9561677752
T10932,C1069,3.0,2024-02-12,2948.35,9738993835
T10933,C1016,13.0,2022-12-31,1456.64,9752242243
T10934,C1370,16.0,2023-07-20,2601.52,9663829091
T10935,C1146,8.0,2022-12-27,2197.32,9102265468
T10936,C1153,15.0,2023-12-28,1478.17,9464766900
T10937,C1303,17.0,2024-02-04,1696.92,9710509206
T10938,C1107,17.0,2023-07-09,368.54,9780236611
T10939,C1235,13.0,2023-06-22,2809.87,9266907512
T10940,C1307,17.0,2023-01-08,1023.39,9517468048
T10941,C1351,6.0,2023-04-04,1310.76,9371245687
T10942,C1069,17.0,2024-04-10,1998.56,9712653878
T10943,C1182,16.0,2023-09-04,968.4,9726166835
T10944,C1249,14.0,2023-07-09,725.49,9688702788
T10945,C1227,13.0,2023-10-04,1874.7,9413258121
T10946,C1101,6.0,2023-10-06,26.2,9159616499
T10947,C1074,3.0,2023-07-12,2148.21,9900904843
T10948,C1416,14.0,2023-09-17,1517.77,9887380851
T10949,C1445,14.0,2023-04-07,1797.55,9599517559
T10950,C1215,15.0,2024-04-28,1877.23,9957844148
T10951,C1406,8.0,2023-06-26,1557.5,9658111412
T10952,C1398,15.0,2024-01-09,1726.73,9058589922
T10953,C1410,13.0,2023-09-15,2035.55,9012503578
T10954,C1202,17.0,2023-08-20,2247.01,9690844104
T10955,C1191,3.0,2023-01-13,2168.73,9168499484
T10956,C1248,6.0,2023-05-10,2602.33,9542849045
T10957,C1498,5.0,2024-01-23,527.8,9911440994
T10958,C1241,17.0,2024-04-02,1173.5,9503895158
T10959,C1464,2.0,2022-12-30,2840.78,9914689681
T10960,C1178,15.0,2023-10-30,1159.6,9532398698
T10961,C1436,5.0,2023-12-07,330.85,9933527930
T10962,C1461,20.0,2024-05-02,1552.61,9177601056
T10963,C1218,6.0,2023-10-04,283.95,9080385942
T10964,C1081,6.0,2024-01-12,568.7,9806841821
T10965,C1091,18.0,2024-01-04,2994.87,9527902980
T10966,C1434,18.0,2023-04-13,1601.16,9344277942
T10967,C1174,4.0,2023-09-15,816.38,9258655621
T10968,C1238,17.0,2023-12-02,2984.06,9355295629
T10969,C1259,14.0,2023-05-19,2898.0,9298668947
T10970,C1390,14.0,2024-05-15,1294.25,9054063666
T10971,C1364,13.0,2024-03-10,744.23,9544311226
T10972,C1162,7.0,2023-07-16,2507.12,9239129305
T10973,C1047,12.0,2023-06-30,2132.64,9591090113
T10974,C1328,15.0,2023-09-15,2045.17,9690756707
T10975,C1327,19.0,2023-04-08,2674.0,9406559022
T10976,C1115,11.0,2024-02-29,2052.72,9433015368
T10977,C1428,15.0,2023-01-10,815.58,9877357994
T10978,C1336,12.0,2024-01-08,2066.28,9252329335
T10979,C1336,3.0,2024-01-12,882.73,9084643708
T10980,C1368,17.0,2024-05-07,2265.68,9492949064
T10981,C1224,3.0,2023-03-29,1840.23,9476944168
T10982,C1351,19.0,2023-12-14,186.11,9860347752
T10983,C1327,20.0,2023-07-18,1514.15,9615291571
T10984,C1146,4.0,2023-07-31,997.07,9481142194
T10985,C1062,3.0,2023-06-08,952.14,9094510603
T10986,C1293,16.0,2023-10-16,1786.88,9919755675
T10987,C1322,12.0,2023-01-31,933.09,9535213213
T10988,C1442,,2024-02-15,2319.53,9480035742
T10989,C1324,17.0,2023-11-26,165.91,9339368482
T10990,C1012,,2023-02-14,1964.18,9127460504
T10991,C1430,11.0,2024-05-13,2418.04,9534050562
T10992,C1493,18.0,2023-05-26,2002.14,9800194244
T10993,C1188,1.0,2023-01-03,1466.55,9701553920
T10994,C1286,3.0,2023-08-13,2848.44,9019079456
T10995,C1207,4.0,2023-12-03,864.81,9110212429
T10996,C1113,13.0,2022-12-22,8.46,9433190034
T10997,C1479,6.0,2023-01-25,1267.57,9442745150
T10998,C1021,14.0,2023-05-23,50.69,9038474240
T10999,C1348,5.0,2023-06-22,2859.51,9598214865
T11000,C1213,16.0,2024-03-16,590.25,9589590340
T11001,C1170,15.0,2023-06-13,2356.23,9000182231
T11002,C1322,15.0,2023-10-18,2312.44,9886812783
T11003,C1053,4.0,2023-09-18,614.07,9097598351
T11004,C1393,8.0,2022-11-27,1844.74,9850170825
T11005,C1297,16.0,2023-06-16,96.64,9648758323
T11006,C1319,16.0,2023-05-25,1424.9,9664717221
T11007,C1125,4.0,2023-03-12,-5.33,9684551346
T11008,C1276,13.0,2024-03-16,2759.49,9327059567
T11009,C1463,13.0,2023-07-18,2927.06,9955749296
T11010,C1203,2.0,2023-06-09,627.96,9545823493
T11011,C1193,3.0,2023-12-23,584.72,9603800000
T11012,C1168,8.0,2030-02-01,2248.85,9222104833
T11013,C1151,15.0,2023-10-07,722.81,9702867083
T11014,C1034,11.0,2023-08-28,2679.98,9720990117
T11015,C1183,9.0,2023-12-06,1700.48,9489849525
T11016,C1285,7.0,2024-03-03,1019.87,9365989408
T11017,C1056,13.0,2024-05-11,2489.72,9390136011
T11018,C1221,2.0,2023-11-14,1454.89,9886170931
T11019,C1302,8.0,2023-09-23,2730.48,9058277565
T11020,C1162,7.0,2023-08-06,2780.44,9876805431
T11021,C1018,12.0,2023-11-15,454.53,9239356496
T11022,C1369,19.0,2024-04-20,-42.91,9906578948
T11023,C1263,7.0,2024-04-04,2950.99,9487972689
T11024,C1281,10.0,2024-03-03,2713.72,9356452891
T11025,C1112,16.0,2023-02-20,119.11,9601457391
T11026,C1487,3.0,2024-03-06,2490.75,9824007087
T11027,C1326,10.0,2023-10-05,1346.31,9665460052
T11028,C1029,6.0,2023-06-08,739.83,9644192644
T11029,C1134,18.0,2023-11-26,2630.18,9508023421
T11030,C1066,18.0,2023-09-28,549.84,9769505738
T11031,C1064,5.0,2024-01-09,2839.26,9705627914
T11032,C1291,7.0,2022-12-28,577.15,9390084550
T11033,C1024,2.0,2023-06-26,1821.73,9768706268
T11034,C1036,11.0,2023-04-10,630.41,9485903027
T11035,C1000,13.0,2022-11-28,1614.29,9122431652
T11036,C1398,5.0,2023-08-06,2036.12,9104622201
T11037,C1036,6.0,2024-01-13,530.2,9815313588
T11038,C1140,14.0,2023-09-10,1538.7,9707499502
T11039,C1231,12.0,2023-04-17,1380.63,9238099150
T11040,C1135,4.0,2023-05-31,166.66,9002358958
T11041,X44482,6.0,2023-10-15,2445.84,9366529415
T11042,C1187,10.0,2023-07-05,973.83,9381327572
T11043,C1127,18.0,2023-12-05,1702.48,9891081037
T11044,C1200,15.0,2023-07-21,1520.09,9680388507
T11045,C1126,8.0,2024-04-06,1515.44,9858899743
T11046,C1256,9.0,2023-10-23,277.03,9313514967
T11047,C1163,5.0,2023-08-02,1241.62,9588078280
T11048,C1034,10.0,2024-03-26,1329.72,9560477218
T11049,C1193,20.0,2024-03-28,2187.61,9401461715
T11050,C1190,6.0,2024-02-26,2512.06,9753869899
T11051,C1103,16.0,2023-05-03,1612.2,9114162630
T11052,C1022,3.0,2023-11-07,214.69,9049153870
T11053,C1264,10.0,2023-05-04,672.39,9963014479
T11054,C1289,11.0,2023-04-04,453.05,9176260482
T11055,C1429,11.0,2024-03-26,330.08,9528734252
T11056,C1461,17.0,2023-05-19,1065.99,9150806165
T11057,C1383,4.0,2023-01-11,649.65,9882442542
T11058,C1259,4.0,2024-05-01,615.82,9769718389
T11059,C1413,17.0,2022-12-16,116.81,9797264993
T11060,C1478,9.0,2023-01-27,3.89,9774768179
T11061,C1357,19.0,2022-12-31,263.44,9439386707
T11062,C1074,5.0,2022-11-18,475.2,9114849044
T11063,C1354,6.0,2024-01-08,1264.5,9273041065
T11064,C1071,3.0,2023-04-01,1507.09,9655897094
T11065,C1258,1.0,2023-07-06,378.81,9210369078
T11066,C1397,20.0,2023-01-20,1245.59,9201373196
T11067,C1187,16.0,2030-01-06,992.33,9129649816
T11068,C1460,11.0,2022-11-21,509.44,9998812098
T11069,C1172,13.0,2023-06-23,-29.14,9915036737
T11070,C1479,10.0,2024-04-12,1374.4,9421869399
T11071,C1289,3.0,2024-02-21,2041.24,9231487470
T11072,C1044,9.0,2023-11-29,640.15,9490749409
T11073,C1060,12.0,2023-01-12,352.01,9885358270
T11074,C1082,14.0,2024-03-20,2655.48,9839043773
T11075,C1122,1.0,2024-03-25,788.83,9204632391
T11076,C1357,18.0,2022-11-28,632.02,9769645166
T11077,C1015,17.0,2022-11-18,2564.15,9362853390
T11078,C1065,9.0,2024-05-09,2442.18,9115712585
T11079,C1423,9.0,2024-01-07,1317.46,9812982916
T11080,C1144,10.0,2022-11-24,1442.18,9445034151
T11081,C1374,19.0,2022-11-29,614.13,9049929379
T11082,C1161,15.0,2024-05-07,188.82,9994957657
T11083,C1233,5.0,2023-08-20,1698.97,9679936769
T11084,C1379,15.0,2024-05-13,249.95,9899222522
T11085,C1143,20.0,2023-09-01,1320.29,9721706730
T11086,C1357,2.0,2022-11-29,2818.52,9632231115
T11087,C1187,13.0,2024-04-09,2856.14,9132305596
T11088,C1321,16.0,2024-01-26,679.96,9829084565
T11089,C1449,15.0,2023-05-14,1853.55,9957513948
T11090,C1473,10.0,2023-03-01,1395.93,9483725630
T11091,C1012,14.0,2023-02-18,2620.84,9491116494
T11092,C1183,10.0,2024-05-01,777.86,9707012492
T11093,C1110,14.0,2023-04-13,-38.71,9632773408
T11094,C1414,9.0,2023-07-16,445.81,9541378026
T11095,C1289,14.0,2023-05-27,1016.04,9144564312
T11096,C1294,3.0,2024-05-04,912.95,9535613177
T11097,C1450,20.0,2023-07-28,2363.66,9004657489
T11098,C1391,16.0,2023-11-09,2025.71,9569474377
T11099,C1214,2.0,2023-08-12,863.65,9790503688
T11100,C1461,10.0,2023-12-23,1346.12,9052153364
T11101,C1119,3.0,2023-01-31,241.46,9594022242
T11102,C1381,11.0,2023-11-29,2689.35,9464726604
T11103,C1054,11.0,2024-01-01,2803.05,9900671940
T11104,C1026,13.0,2024-02-25,2938.4,9628268579
T11105,C1117,7.0,2023-07-19,2599.09,9518544245
T11106,C1220,17.0,2023-07-01,480.58,9992535669
T11107,C1230,2.0,2023-09-15,90.9,9545818292
T11108,C1052,12.0,2023-02-02,1717.77,9838679870
T11109,C1294,10.0,2022-12-14,2733.45,9989090499
T11110,C1320,18.0,2023-02-15,490.92,9977299930
T11111,C1400,11.0,2024-01-01,-28.52,9190269669
T11112,C1232,16.0,2023-12-05,2406.76,9742833609
T11113,C1157,17.0,2023-12-03,184.23,9621218046
T11114,C1436,19.0,2024-03-13,1211.8,9186455552
T11115,C1268,18.0,2023-01-08,2020.61,9784362665
T11116,C1020,3.0,2022-11-21,672.23,9875361748
T11117,C1402,16.0,2023-05-06,206.09,9137848895
T11118,C1052,6.0,2023-02-04,2298.56,9111190223
T11119,C1274,12.0,2024-04-06,1872.03,9415973568
T11120,C1312,11.0,2024-01-30,2964.9,9706008664
T11121,C1280,15.0,2023-10-17,1000.14,9644831376
T11122,C1213,15.0,2023-02-17,138.38,9650860170
T11123,C1030,16.0,2024-05-05,2189.77,9947787468
T11124,C1336,10.0,2022-12-25,1541.29,9345577110
T11125,C1182,12.0,2023-07-05,600.27,9541284117
T11126,C1022,13.0,2023-06-16,2334.27,9946385913
T11127,X14947,4.0,2024-03-12,571.45,9413028367
T11128,C1445,7.0,2023-08-16,745.02,9449537843
T11129,C1073,2.0,2022-12-29,232.21,9653901994
T11130,C1009,,2023-01-27,1168.27,9983451128
T11131,C1483,8.0,2023-08-26,1227.73,9743582889
T11132,C1455,7.0,2022-12-15,1519.41,9818593554
T11133,C1053,15.0,2023-05-14,2112.34,9266544373
T11134,C1051,14.0,2023-09-30,2713.61,9293771337
T11135,C1147,8.0,2022-11-28,370.09,9427209652
T11136,C1159,,2023-06-12,115.76,9368141835
T11137,C1369,13.0,2023-04-08,6.52,9315866432
T11138,C1013,11.0,2023-12-24,388.05,9486239368
T11139,C1177,17.0,2023-01-29,1956.75,9864144020
T11140,C1411,17.0,2023-09-14,2168.81,9143206913
T11141,C1365,,2023-04-27,2348.84,9148369653
T11142,C1499,8.0,2023-07-16,693.31,9443182078
T11143,C1052,5.0,2023-12-15,882.98,9646955700
T11144,C1407,16.0,2023-10-17,1423.56,9751634610
T11145,C1334,,2023-12-10,142.71,9951804321
T11146,C1021,15.0,2023-04-04,1813.98,9803617229
T11147,C1029,12.0,2023-01-31,2950.39,9550072167
T11148,C1190,5.0,2024-04-07,1050.46,9320955532
T11149,C1259,16.0,2023-11-01,2246.18,9905244278
T11150,C1204,14.0,2023-01-05,1475.1,9753223780
T11151,C1058,10.0,2023-02-20,339.83,9588202182
T11152,C1470,7.0,2024-02-02,1725.82,9924177691
T11153,C1263,13.0,2023-07-07,864.62,9337059145
T11154,C1465,20.0,2023-01-28,54.93,9764369269
T11155,C1011,5.0,2023-10-26,1886.54,9791152995
T11156,C1118,3.0,2023-12-23,2569.74,9594403676
T11157,C1414,15.0,2023-10-12,1001.55,9679231134
T11158,C1461,4.0,2022-12-12,1140.4,9233369794
T11159,C1289,15.0,2023-08-18,2667.62,9215703009
T11160,C1337,14.0,2024-02-16,2431.51,9225177291
T11161,C1247,20.0,2024-03-28,2130.61,9670194841
T11162,C1353,19.0,2023-07-03,708.83,9767064555
T11163,C1126,13.0,2023-11-11,2726.16,9312007357
T11164,C1074,10.0,2023-12-01,420.97,9737243267
T11165,C1360,5.0,2024-01-28,1861.65,9370756153
T11166,C1203,20.0,2023-05-21,37.84,9989122121
T11167,C1048,20.0,2023-12-06,1913.35,9721955780
T11168,C1078,6.0,2023-02-07,795.29,9142455183
T11169,C1440,4.0,2023-09-10,1321.51,9762782374
T11170,C1478,2.0,2023-07-22,1003.06,9698024936
T11171,C1240,16.0,2023-01-26,476.91,9190924932
T11172,C1348,18.0,2023-02-04,1847.04,9541051458
T11173,C1153,5.0,2023-08-13,2640.03,9582495784
T11174,C1273,4.0,2023-04-18,2875.21,9745511804
T11175,C1095,13.0,2023-12-06,536.66,9683841942
T11176,C1213,19.0,2023-04-18,2137.99,9346154387
T11177,C1293,2.0,2023-12-15,1976.24,9762735437
T11178,C1208,13.0,2023-10-02,997.3,9123915446
T11179,C1342,11.0,2023-11-16,8.25,9816875967
T11180,C1087,4.0,2023-03-01,2053.86,9378212463
T11181,C1305,20.0,2023-02-13,2833.76,9603743777
T11182,C1263,20.0,2022-11-17,1877.97,9515793279
T11183,C1424,,2023-09-23,1277.64,9625783470
T11184,C1389,4.0,2024-02-10,1551.72,9612718094
T11185,C1324,9.0,2023-11-15,558.87,9716354624
T11186,C1427,7.0,2023-08-15,2239.16,9762489444
T11187,C1376,19.0,2023-02-24,2226.58,9448263514
T11188,C1319,19.0,2023-03-27,393.83,9723963430
T11189,C1156,6.0,2023-02-09,2627.83,9803017927
T11190,C1155,6.0,2023-05-22,771.03,9959781306
T11191,C1138,20.0,2024-01-27,2945.88,9903434886
T11192,C1120,15.0,2024-02-14,1117.85,9573273772
T11193,C1064,15.0,2024-04-19,492.55,9307012827
T11194,C1106,20.0,2024-01-03,1022.75,9942184000
T11195,C1146,9.0,2023-02-25,1292.55,9909782623
T11196,C1136,4.0,2022-12-08,161.39,9453533911
T11197,C1410,18.0,2023-02-11,1713.57,9867910655
T11198,C1161,18.0,2023-11-09,1772.78,9013712236
T11199,C1427,5.0,2023-02-15,2203.74,9561277051
T11200,C1451,20.0,2023-10-10,38.97,9114321799
T11201,C1099,11.0,2023-12-11,1600.78,9027135757
T11202,C1337,5.0,2022-11-24,111.37,9408956386
T11203,C1398,4.0,2023-09-06,2088.49,9156043375
T11204,C1306,12.0,2024-01-09,119.97,9056978109
T11205,C1140,2.0,2023-12-14,2730.77,9719679947
T11206,C1082,13.0,2023-02-06,2091.35,9060778918
T11207,C1176,10.0,2023-07-18,1497.54,9214643586
T11208,C1197,9.0,2024-04-28,1296.59,9286665729
T11209,C1111,10.0,2023-05-04,348.55,9805505027
T11210,C1055,7.0,2023-12-06,837.55,9843458769
T11211,C1459,4.0,2023-05-04,2600.33,9172803057
T11212,C1178,19.0,2023-04-03,2708.58,9307751103
T11213,C1420,10.0,2023-08-14,-47.72,9733784779
T11214,C1400,3.0,2023-09-16,1762.12,9269037833
T11215,C1185,19.0,2023-08-13,2143.87,9157226287
T11216,C1470,2.0,2024-03-30,1837.18,9901279360
T11217,C1217,20.0,2023-04-10,199.12,9066607238
T11218,C1412,10.0,2023-01-15,614.06,9741520570
T11219,C1416,2.0,2023-05-02,713.54,9842197348
T11220,C1315,2.0,2024-01-31,2486.76,9316904770
T11221,C1474,17.0,2023-08-21,1362.76,9219044298
T11222,C1216,16.0,2024-01-17,1434.83,9809165341
T11223,C1119,16.0,2030-04-01,2801.42,9581079105
T11224,C1438,14.0,2024-03-21,1893.11,9034688715
T11225,C1393,7.0,2023-01-29,2690.94,9385132332
T11226,C1174,11.0,2023-11-16,1342.35,9874053994
T11227,C1022,1.0,2023-07-27,405.78,9485969649
T11228,C1212,11.0,2023-07-22,2786.3,9110037068
T11229,C1404,4.0,2024-04-02,1349.05,9661541819
T11230,C1234,7.0,2023-05-31,503.98,9932045886
T11231,C1012,15.0,2024-02-23,872.31,9725340529
T11232,C1100,18.0,2023-03-01,104.95,9794024006
T11233,C1416,12.0,2023-03-30,1378.32,9603319400
T11234,C1023,17.0,2023-09-19,2552.04,9928616476
T11235,C1363,1.0,2022-11-18,2797.42,9240848222
T11236,C1010,11.0,2023-12-22,2794.44,9797159606
T11237,C1272,1.0,2023-10-18,331.95,9694839215
T11238,C1451,15.0,2023-12-06,1115.26,9602659666
T11239,C1430,10.0,2023-10-15,36.1,9417563874
T11240,C1280,7.0,2024-02-05,2558.25,9255116198
T11241,C1093,2.0,2023-10-20,1044.21,9548598641
T11242,C1200,10.0,2024-01-26,1874.91,9842143413
T11243,C1020,4.0,2023-03-31,2130.44,9855593612
T11244,C1339,12.0,2023-09-15,1261.03,9857728325
T11245,C1466,19.0,2023-10-06,884.65,9747462287
T11246,C1210,11.0,2023-06-05,2884.75,9308849655
T11247,C1139,8.0,2024-03-16,2891.69,9744034445
T11248,C1292,18.0,2023-09-29,832.78,9713494536
T11249,C1297,11.0,2023-05-12,1412.86,9050444260
T11250,C1400,11.0,2023-12-24,2917.17,9994805491
T11251,C1100,13.0,2023-10-04,-35.15,9409721231
T11252,C1303,3.0,2023-09-06,1208.67,9416133637
T11253,C1358,12.0,2024-03-28,256.4,9447284589
T11254,C1027,3.0,2023-07-18,1502.93,9846228305
T11255,C1040,10.0,2023-10-11,25.24,9735672883
T11256,C1354,17.0,2023-12-02,1191.04,9335709651
T11257,X60373,2.0,2030-02-07,623.13,9592839277
T11258,C1495,17.0,2023-12-19,1576.59,9057769665
T11259,C1145,16.0,2023-11-20,2987.78,9013921319
T11260,C1255,2.0,2023-03-08,2391.64,9798509546
T11261,C1461,20.0,2023-06-04,2529.21,9269875484
T11262,C1226,6.0,2023-05-15,1887.56,9218063243
T11263,C1235,10.0,2022-12-09,76.76,9666323040
T11264,C1360,10.0,2024-02-27,580.73,9932920538
T11265,C1379,8.0,2023-06-14,2771.45,9838511718
T11266,C1454,1.0,2024-02-03,1066.65,9923895501
T11267,C1488,13.0,2023-09-06,266.09,9934282190
T11268,C1012,9.0,2023-01-21,2092.34,9475736188
T11269,C1209,10.0,2024-01-04,863.35,9891187981
T11270,C1228,15.0,2024-04-06,770.01,9242180853
T11271,C1396,5.0,2023-04-03,2993.83,9978701040
T11272,C1099,16.0,2023-09-18,2567.32,9680525215
T11273,C1030,13.0,2023-07-17,1194.21,9756589701
T11274,C1385,20.0,2023-07-28,2939.8,9761868630
T11275,C1015,18.0,2023-04-18,1932.85,9695389979
T11276,C1136,11.0,2024-01-19,2213.17,9394859017
T11277,C1328,9.0,2023-12-03,46.11,9810790724
T11278,C1165,16.0,2023-01-26,320.9,9631773948
T11279,C1458,2.0,2024-02-14,1880.91,9586923535
T11280,C1309,2.0,2024-03-16,2692.02,9792904680
T11281,C1439,12.0,2023-12-27,1852.42,9647881832
T11282,C1469,8.0,2024-05-12,358.78,9210957071
T11283,C1480,9.0,2024-04-13,303.07,9833381221
T11284,C1099,12.0,2024-01-14,2524.77,9778371032
T11285,C1108,9.0,2022-12-19,374.87,9207766587
T11286,C1342,10.0,2023-11-15,1536.71,9315870923
T11287,C1172,2.0,2024-05-14,63.2,9481911354
T11288,C1236,16.0,2023-02-07,196.04,9190509600
T11289,C1161,20.0,2023-03-03,2000.66,9732999366
T11290,C1392,7.0,2023-07-24,2052.0,9079960473
T11291,C1215,2.0,2023-11-10,991.48,9200764570
T11292,C1263,1.0,2023-05-01,607.61,9186611097
T11293,C1262,19.0,2022-12-27,2431.82,9789285590
T11294,C1291,4.0,2023-12-26,612.16,9551738859
T11295,C1273,2.0,2023-10-17,1603.18,9128155179
T11296,C1002,14.0,2024-01-26,2903.04,9405013519
T11297,C1027,2.0,2023-02-28,400.95,9043630672
T11298,C1325,15.0,2022-11-22,2819.67,9460106760
T11299,C1491,12.0,2023-02-20,507.82,9299694490
T11300,C1427,5.0,2023-08-03,1680.7,9597643222
T11301,C1148,20.0,2023-06-27,1099.87,9283725108
T11302,C1027,7.0,2024-04-17,2893.03,9139657875
T11303,C1487,10.0,2024-04-26,784.3,9172796036
T11304,C1309,14.0,2023-06-26,1168.96,9627050254
T11305,C1437,14.0,2024-02-11,2947.72,9908400826
T11306,C1064,5.0,2023-11-30,1586.23,9273821508
T11307,C1355,18.0,2023-12-17,1483.02,9006061417
T11308,C1020,14.0,2024-02-29,736.22,9354939091
T11309,C1251,2.0,2024-04-07,2089.16,9500719456
T11310,C1234,12.0,2023-04-15,-6.16,9762023079
T11311,C1226,6.0,2030-02-17,101.01,9166221352
T11312,C1012,4.0,2022-12-07,1778.04,9042885885
T11313,C1312,13.0,2024-03-20,992.11,9165037749
T11314,C1048,4.0,2023-02-27,2857.61,9997106977
T11315,C1117,14.0,2023-09-10,2704.73,9346421355
T11316,C1053,16.0,2024-01-11,2126.8,9640895381
T11317,C1137,4.0,2023-02-07,2445.34,9054605613
T11318,C1052,1.0,2023-03-10,1985.36,9830712117
T11319,C1043,13.0,2023-04-06,333.03,9671482340
T11320,C1302,4.0,2023-11-03,2284.91,9661004783
T11321,C1052,20.0,2023-09-27,591.09,9905314661
T11322,C1073,18.0,2023-10-29,936.5,9710699207
T11323,C1045,6.0,2024-02-21,2448.66,9323362525
T11324,C1012,3.0,2023-06-11,1586.4,9526725060
T11325,C1164,13.0,2024-04-28,2572.82,9848157453
T11326,C1101,16.0,2024-03-20,599.76,9614907233
T11327,C1279,5.0,2023-11-03,1803.72,9590729993
T11328,C1257,4.0,2024-03-13,205.56,9384491474
T11329,C1469,8.0,2023-02-19,1911.34,9078255153
T11330,C1336,19.0,2024-02-03,2275.73,9841847352
T11331,C1355,14.0,2024-02-18,1734.04,9759867290
T11332,C1397,7.0,2023-10-04,762.01,9341298507
T11333,C1137,14.0,2023-01-19,45.6,9564138658
T11334,C1162,6.0,2023-09-15,314.32,9236182414
T11335,C1408,12.0,2022-12-27,1848.02,9197427943
T11336,C1386,16.0,2023-03-09,2799.98,9558996745
T11337,C1110,17.0,2022-12-05,579.93,9073203925
T11338,C1101,13.0,2023-10-29,2191.83,9844238354
T11339,C1016,14.0,2023-03-03,2592.68,9542390322
T11340,C1267,7.0,2023-04-29,1538.69,9171122762
T11341,C1181,14.0,2023-07-19,1991.26,9446602768
T11342,C1371,15.0,2024-04-23,2435.8,9583127878
T11343,C1023,12.0,2030-01-26,745.06,9576637967
T11344,C1028,17.0,2023-04-24,855.53,9433165776
T11345,C1170,9.0,2023-10-16,-48.09,9098725784
T11346,C1408,15.0,2024-01-22,2887.44,9375168561
T11347,C1227,12.0,2024-02-28,2748.51,9237509631
T11348,C1377,2.0,2023-07-07,2281.93,9948540027
T11349,C1187,5.0,2023-12-31,191.18,9229086910
T11350,X31067,13.0,2023-05-19,1314.88,9712249975
T11351,C1229,20.0,2023-05-21,260.77,9356357211
T11352,C1320,8.0,2024-01-28,-1.44,9355479984
T11353,C1339,14.0,2023-12-22,1829.36,9387403718
T11354,C1118,15.0,2022-12-11,2880.53,9315223070
T11355,C1155,11.0,2023-06-02,2703.75,9234553833
T11356,C1271,1.0,2024-02-15,2075.1,9808157894
T11357,C1174,3.0,2024-01-25,244.75,9663873742
T11358,C1464,17.0,2023-12-15,786.2,9569618855
T11359,C1103,19.0,2022-11-16,926.17,9509874021
T11360,C1091,14.0,2023-06-19,2277.61,9602728525
T11361,C1185,8.0,2023-06-10,2396.86,9884428681
T11362,C1459,13.0,2023-08-24,1124.57,9807597469
T11363,C1282,20.0,2023-01-15,1224.55,9697180693
T11364,C1180,3.0,2023-02-24,85.75,9009452902
T11365,C1169,5.0,2024-05-14,831.87,9123181755
T11366,C1186,9.0,2023-05-22,1326.42,9718267208
T11367,C1174,6.0,2023-11-21,306.8,9371522500
T11368,C1221,2.0,2023-10-11,1332.47,9478531560
T11369,C1232,13.0,2023-06-01,2552.19,9258071565
T11370,C1161,5.0,2024-02-23,1723.03,9971195679
T11371,C1420,8.0,2023-03-08,190.74,9689626099
T11372,C1133,1.0,2023-08-07,534.6,9658956535
T11373,C1390,20.0,2024-03-27,1397.36,9986347076
T11374,C1479,12.0,2024-05-05,1052.54,9666935087
T11375,C1223,11.0,2023-09-28,1044.12,9261807423
T11376,C1152,7.0,2023-12-14,1564.27,9042817871
T11377,C1032,15.0,2023-12-18,1732.41,9732883943
T11378,C1054,11.0,2023-03-08,2380.43,9950970355
T11379,C1441,16.0,2023-11-03,989.95,9344603491
T11380,C1006,3.0,2023-11-07,2406.67,9409495719
T11381,C1243,20.0,2024-02-23,982.76,9983474952
T11382,C1312,14.0,2023-05-07,119.07,9854920307
T11383,C1125,3.0,2023-09-12,1640.27,9121734439
T11384,C1011,1.0,2023-02-06,1743.1,9414331133
T11385,C1015,15.0,2023-03-29,2800.35,9275512010
T11386,C1207,1.0,2023-09-28,2164.49,9580075399
T11387,C1042,17.0,2023-03-12,2749.21,9777362892
T11388,C1372,2.0,2023-07-14,2720.46,9303685324
T11389,C1483,20.0,2023-09-20,1793.95,9026527569
T11390,C1460,6.0,2023-03-11,1559.67,9978539503
T11391,C1134,8.0,2023-05-18,1650.19,9554982592
T11392,C1227,16.0,2023-11-29,2933.91,9882732880
T11393,C1110,19.0,2023-04-05,2308.16,9827311980
T11394,C1306,1.0,2024-04-18,274.11,9402608133
T11395,C1456,3.0,2023-12-14,2324.21,9552235149
T11396,C1159,3.0,2024-01-14,470.14,9862017907
T11397,C1330,5.0,2023-04-02,1314.42,9546250686
T11398,C1263,12.0,2023-12-09,591.9,9478413078
T11399,C1224,12.0,2024-01-19,2053.23,9522702576
T11400,C1470,20.0,2023-05-21,2625.79,9047085363
T11401,C1216,13.0,2024-03-24,835.6,9318293546
T11402,C1455,20.0,2024-05-15,200.13,9964522532
T11403,C1044,9.0,2023-05-08,860.4,9699573076
T11404,C1213,7.0,2023-05-01,2000.7,9206708606
T11405,C1058,4.0,2024-03-27,952.72,9343933202
T11406,C1131,19.0,2023-09-03,798.24,9551790232
T11407,C1103,19.0,2023-04-04,512.53,9088417749
T11408,C1194,6.0,2023-05-22,1467.43,9103032434
T11409,C1412,13.0,2023-09-30,791.64,9179738803
T11410,C1488,11.0,2024-02-16,2179.58,9830344435
T11411,C1156,13.0,2023-01-05,183.7,9577646075
T11412,C1097,13.0,2023-11-14,1975.3,9572525395
T11413,C1225,20.0,2022-11-21,674.56,9007871158
T11414,C1411,15.0,2024-03-22,1442.3,9673164268
T11415,C1204,13.0,2023-03-31,822.57,9070299833
T11416,C1078,11.0,2023-05-30,2154.44,9226324885
T11417,C1123,19.0,2023-12-10,2833.19,9719766863
T11418,C1470,8.0,2024-04-12,2747.08,9675936026
T11419,C1427,20.0,2024-04-01,1729.45,9830627638
T11420,C1217,8.0,2024-01-04,1360.96,9228895052
T11421,C1003,10.0,2024-03-29,2445.82,9928733904
T11422,C1089,16.0,2024-01-11,2034.15,9735948208
T11423,C1103,19.0,2024-02-09,509.87,9455491430
T11424,C1392,11.0,2024-03-26,2453.8,9897288545
T11425,C1118,13.0,2023-05-02,1258.1,9111590567
T11426,C1132,9.0,2023-02-04,526.41,9220739381
T11427,C1311,20.0,2022-12-13,809.48,9577409188
T11428,C1095,19.0,2023-06-25,765.96,9889862107
T11429,C1467,16.0,2023-09-07,1533.58,9754564401
T11430,C1433,7.0,2022-12-15,664.83,9943429538
T11431,C1330,19.0,2023-08-20,326.88,9796045379
T11432,X71821,12.0,2023-06-30,327.26,9832371896
T11433,C1287,15.0,2024-05-15,1728.99,9467332988
T11434,C1027,14.0,2023-09-03,2191.02,9694239754
T11435,C1277,11.0,2023-05-03,930.68,9876983301
T11436,C1232,10.0,2024-02-23,55.68,9077438788
T11437,C1016,11.0,2024-04-02,338.04,9801967913
T11438,C1058,6.0,2024-04-18,2739.82,9736633647
T11439,C1089,2.0,2023-03-07,1455.31,9165092727
T11440,C1491,11.0,2023-03-08,1333.4,9025504528
T11441,C1198,19.0,2023-08-13,66.05,9493089342
T11442,C1361,6.0,2023-11-22,2172.34,9769731458
T11443,C1440,14.0,2022-12-24,1560.61,9356176676
T11444,C1025,,2024-02-06,566.35,9040680121
T11445,C1024,6.0,2023-06-23,285.72,9093974854
T11446,C1393,17.0,2024-01-21,1119.33,9078649475
T11447,C1300,10.0,2023-02-24,2503.34,9058269903
T11448,C1338,1.0,2023-07-23,2589.15,9191117627
T11449,C1266,3.0,2023-09-12,1788.68,9852781636
T11450,C1460,8.0,2022-12-15,2168.99,9270484159
T11451,C1180,8.0,2024-02-15,301.23,9599238353
T11452,C1455,20.0,2023-08-08,1743.78,9075636616
T11453,C1359,15.0,2023-11-03,1984.25,9617361056
T11454,C1067,7.0,2023-02-09,562.17,9882207031
T11455,C1494,11.0,2024-02-04,2634.47,9244432632
T11456,C1350,7.0,2023-03-12,544.74,9978164385
T11457,C1411,4.0,2030-03-08,906.11,9277721135
T11458,C1458,12.0,2023-06-14,1842.7,9437692362
T11459,C1490,6.0,2023-11-06,1896.97,9416646839
T11460,C1320,14.0,2024-01-24,2083.12,9484392493
T11461,C1048,12.0,2023-04-30,291.64,9676690635
T11462,C1174,11.0,2023-04-03,2540.87,9434272756
T11463,C1051,19.0,2023-06-11,1575.18,9464957091
T11464,C1101,5.0,2023-06-11,1387.53,9339736473
T11465,C1215,14.0,2023-01-11,2942.35,9018136542
T11466,C1437,16.0,2023-11-06,2208.15,9418224445
T11467,C1187,13.0,2024-05-10,309.92,9722949013
T11468,C1056,20.0,2023-08-26,2257.44,9127029844
T11469,C1046,4.0,2023-05-03,240.51,9574274037
T11470,C1158,11.0,2023-10-09,33.79,9006333920
T11471,C1488,17.0,2023-09-07,1181.06,9688722430
T11472,C1173,7.0,2023-09-04,2980.41,9773400862
T11473,C1241,14.0,2023-08-12,483.4,9663947575
T11474,C1281,11.0,2024-04-21,2001.57,9067900845
T11475,C1240,9.0,2023-02-17,478.86,9811706504
T11476,C1369,13.0,2023-03-30,2160.6,9800958822
T11477,C1004,18.0,2024-01-07,1491.33,9628791817
T11478,C1083,11.0,2023-01-11,2023.91,9048873346
T11479,C1307,15.0,2023-08-22,568.76,9752566344
T11480,C1360,19.0,2023-03-21,2224.17,9910802832
T11481,C1458,1.0,2023-03-27,2986.64,9077942327
T11482,C1247,4.0,2023-07-25,1980.23,9384077593
T11483,C1053,14.0,2023-04-10,1455.11,9996483682
T11484,C1160,14.0,2023-10-07,2765.68,9539917068
T11485,C1433,3.0,2023-07-23,-1.65,9113962171
T11486,C1421,17.0,2023-12-19,2176.27,9311209672
T11487,C1410,3.0,2024-03-27,2660.68,9844918740
T11488,C1225,16.0,2023-04-06,138.11,9736456606
T11489,C1014,14.0,2023-08-14,1322.7,9323572858
T11490,C1223,20.0,2024-01-10,574.39,9651295118
T11491,C1060,13.0,2023-12-01,1677.88,9092884274
T11492,C1121,15.0,2024-02-17,1931.11,9302277050
T11493,C1276,14.0,2023-01-28,873.0,9821706952
T11494,C1045,19.0,2023-02-15,1352.94,9995026756
T11495,C1452,6.0,2023-12-29,801.99,9469951184
T11496,C1389,10.0,2024-04-22,1076.64,9409539711
T11497,C1293,15.0,2023-08-23,436.6,9424249629
T11498,C1061,20.0,2023-11-24,2650.96,9882747173
T11499,C1085,6.0,2024-02-20,-19.47,9709446097
T11500,C1445,10.0,2024-03-25,2641.35,9033091814
T11501,C1209,7.0,2023-10-13,1693.62,9508940398
T11502,C1077,17.0,2022-11-14,961.56,9167851051
T11503,C1201,18.0,2023-02-15,2155.32,9572806655
T11504,C1301,17.0,2024-02-24,1498.64,9236079027
T11505,C1396,9.0,2023-11-13,1472.28,9146438473
T11506,C1222,,2023-01-15,285.93,9801820909
T11507,C1221,10.0,2024-05-12,1138.02,9419825069
T11508,C1002,7.0,2023-12-24,685.25,9855525741
T11509,C1477,16.0,2023-06-23,-2.13,9856292577
T11510,C1005,18.0,2024-01-25,1048.3,9912108718
T11511,C1092,6.0,2023-06-16,223.96,9585967190
T11512,C1007,20.0,2024-04-01,733.33,9316730716
T11513,C1427,1.0,2023-08-13,232.18,9680801356
T11514,C1492,1.0,2023-10-08,257.87,9154699931
T11515,C1234,12.0,2023-08-29,556.98,9320035728
T11516,C1107,2.0,2023-10-23,2999.54,9727233573
T11517,C1160,4.0,2023-03-25,-43.34,9952385500
T11518,C1208,17.0,2024-03-22,1897.95,9981581394
T11519,C1239,4.0,2023-10-29,380.79,9853643130
T11520,C1330,11.0,2022-12-31,2757.92,9931083381
T11521,C1332,4.0,2022-12-29,235.58,9783106302
T11522,C1049,1.0,2023-02-21,2862.94,9695720929
T11523,C1010,7.0,2024-02-25,1813.33,9400645832
T11524,C1350,18.0,2022-11-28,-46.13,9011972445
T11525,C1155,9.0,2023-03-19,2676.72,9594342064
T11526,C1491,3.0,2023-04-22,1541.22,9939273839
T11527,C1069,8.0,2024-02-06,751.14,9596001601
T11528,C1168,19.0,2024-02-22,2290.2,9151799039
T11529,C1271,4.0,2022-11-12,2776.33,9132322744
T11530,C1067,18.0,2024-01-24,1425.26,9044853569
T11531,X93344,20.0,2023-06-07,912.44,9005400747
T11532,C1251,11.0,2023-03-27,2356.28,9614951911
T11533,C1047,14.0,2023-09-17,2029.45,9640653308
T11534,C1183,18.0,2023-04-23,2660.7,9423142000
T11535,C1319,16.0,2023-08-19,2062.17,9576762622
T11536,C1186,3.0,2023-02-15,692.76,9587900972
T11537,C1089,15.0,2023-11-16,2791.56,9091404267
T11538,C1445,4.0,2023-07-26,269.75,9327159637
T11539,C1331,5.0,2023-02-04,767.23,9225542573
T11540,C1138,17.0,2023-11-27,1536.59,9803477338
T11541,C1356,7.0,2023-04-30,1675.51,9796104919
T11542,C1088,16.0,2023-01-04,-3.3,9970175532
T11543,C1273,14.0,2023-12-22,2330.75,9779469290
T11544,C1018,16.0,2023-09-20,1052.9,9369207896
T11545,C1470,7.0,2023-07-09,1189.58,9227350811
T11546,C1310,9.0,2024-01-25,2418.58,9443084388
T11547,C1357,4.0,2023-02-13,1106.81,9972410695
T11548,C1373,11.0,2023-02-17,94.04,9693563667
T11549,C1465,2.0,2022-11-13,488.14,9914246976
T11550,C1153,12.0,2023-06-18,2865.5,9550349270
T11551,C1389,12.0,2024-03-14,164.74,9152960017
T11552,C1259,4.0,2023-01-30,1032.54,9172823429
T11553,C1107,18.0,2023-03-27,1484.7,9197560682
T11554,C1370,7.0,2023-07-01,1454.51,9237069279
T11555,C1284,1.0,2024-04-26,-37.92,9662375136
T11556,C1058,13.0,2024-02-10,1478.55,9896304234
T11557,C1124,6.0,2022-11-21,1120.51,9271379423
T11558,C1353,6.0,2022-11-20,2914.84,9208656189
T11559,C1272,12.0,2023-10-29,435.44,9123075021
T11560,C1106,8.0,2023-03-15,1030.17,9194731649
T11561,C1298,19.0,2024-01-18,1229.42,9720457041
T11562,C1244,5.0,2023-03-27,1141.62,9858628444
T11563,C1335,18.0,2024-03-15,1980.78,9609125837
T11564,C1449,5.0,2023-01-23,607.31,9915097685
T11565,C1417,10.0,2023-07-04,624.27,9058398995
T11566,C1246,1.0,2023-12-09,2174.09,9914170607
T11567,C1007,10.0,2023-02-11,1475.89,9806425007
T11568,C1140,5.0,2023-02-24,1216.22,9589324397
T11569,C1361,12.0,2023-02-25,466.07,9495279737
T11570,C1007,7.0,2023-09-28,521.96,9692213989
T11571,C1477,9.0,2023-11-23,-17.82,9590197884
T11572,C1351,12.0,2023-09-14,228.85,9078538388
T11573,C1483,1.0,2023-04-01,1648.36,9312085927
T11574,C1494,11.0,2023-12-08,2670.21,9721216549
T11575,C1093,15.0,2023-03-28,825.85,9072330209
T11576,C1320,2.0,2023-04-07,949.63,9269173782
T11577,C1426,20.0,2023-01-21,302.6,9105444031
T11578,C1038,7.0,2024-05-08,1135.32,9211975522
T11579,C1080,12.0,2022-11-20,63.53,9779095530
T11580,C1186,18.0,2023-04-29,2748.68,9623409836
T11581,C1083,3.0,2024-02-05,2002.99,9523116712
T11582,C1087,7.0,2023-11-06,2971.78,9355248480
T11583,C1241,11.0,2023-06-18,2642.61,9383474399
T11584,C1341,18.0,2030-01-23,1392.62,9137669962
T11585,C1092,,2024-01-07,1535.04,9720798124
T11586,C1085,6.0,2024-02-08,531.26,9703808754
T11587,C1043,5.0,2023-06-22,1359.22,9251827731
T11588,C1136,1.0,2023-02-08,2704.24,9107422565
T11589,C1420,12.0,2023-02-22,105.1,9306163675
T11590,C1073,11.0,2023-04-04,2583.85,9665200007
T11591,C1035,4.0,2023-03-18,989.89,9074956719
T11592,C1100,18.0,2023-12-10,2693.51,9966494980
T11593,C1475,4.0,2023-11-06,2819.68,9207767506
T11594,C1155,17.0,2024-01-25,1996.14,9341220048
T11595,C1425,2.0,2023-09-30,1976.49,9521689527
T11596,C1254,2.0,2023-04-04,1330.9,9483877436
T11597,C1170,12.0,2023-07-23,2498.4,9352558912
T11598,C1468,6.0,2023-08-22,2882.92,9661792646
T11599,C1215,10.0,2023-02-06,2314.0,9708049250
T11600,C1169,16.0,2023-07-24,1846.91,9328216558
T11601,C1251,14.0,2023-08-30,1800.72,9744594995
T11602,C1359,7.0,2022-12-09,2540.88,9627247693
T11603,X29047,19.0,2023-09-16,1600.67,9163632841
T11604,C1054,17.0,2023-06-10,2401.77,9607256840
T11605,C1455,,2024-04-25,1502.1,9608663326
T11606,C1431,13.0,2024-04-16,140.46,9391371841
T11607,C1090,5.0,2023-05-24,1121.04,9867261018
T11608,C1277,5.0,2023-12-18,1305.54,9339660140
T11609,X58605,10.0,2023-09-10,381.93,9459891563
T11610,C1154,10.0,2023-01-06,262.61,9181075299
T11611,C1376,7.0,2023-07-15,1583.17,9005188198
T11612,C1348,15.0,2024-04-01,209.69,9336311814
T11613,C1450,7.0,2023-12-12,873.98,9264328543
T11614,C1363,15.0,2023-03-07,2221.02,9843596127
T11615,C1140,3.0,2023-07-16,2891.52,9237861414
T11616,C1172,19.0,2024-04-06,2139.51,9764717990
T11617,C1009,10.0,2023-01-23,2977.51,9794371615
T11618,C1227,15.0,2024-05-05,2079.93,9688095145
T11619,C1264,3.0,2022-11-24,846.07,9468284652
T11620,C1437,6.0,2023-11-16,1999.76,9297082704
T11621,C1247,12.0,2023-10-02,2091.58,9902061305
T11622,C1246,15.0,2023-03-27,1083.77,9385995156
T11623,C1154,6.0,2023-12-13,4.03,9144209787
T11624,C1033,13.0,2024-01-16,2094.76,9729693657
T11625,C1498,19.0,2023-11-21,16.19,9787023544
T11626,C1128,3.0,2023-05-07,1875.12,9356013006
T11627,C1159,8.0,2024-03-08,449.03,9942622731
T11628,C1088,8.0,2023-01-25,1675.09,9515346649
T11629,C1092,20.0,2022-11-29,1486.93,9496979657
T11630,C1326,15.0,2023-01-20,-8.78,9478199481
T11631,C1240,4.0,2022-11-26,1056.74,9385195859
T11632,C1322,19.0,2023-08-07,1783.33,9831899691
T11633,C1467,3.0,2023-06-20,2538.25,9327997841
T11634,C1403,13.0,2022-12-22,2660.36,9522881542
T11635,C1116,8.0,2023-01-12,1425.74,9592353117
T11636,C1093,16.0,2023-12-24,2171.69,9116858154
T11637,C1162,13.0,2024-04-13,915.19,9188731774
T11638,C1098,3.0,2023-09-01,993.67,9693155758
T11639,C1112,16.0,2024-04-08,543.11,9651361501
T11640,X89825,9.0,2024-01-11,1663.94,9088018583
T11641,C1090,14.0,2024-01-19,909.42,9903868346
T11642,C1345,13.0,2023-12-28,207.33,9301309071
T11643,C1205,7.0,2023-02-04,2039.27,9922036763
T11644,C1016,15.0,2024-05-14,2108.65,9887387141
T11645,C1273,7.0,2024-05-15,1047.98,9150325647
T11646,C1172,6.0,2023-04-17,184.01,9957022906
T11647,C1115,2.0,2023-08-23,1250.21,9578336713
T11648,C1348,9.0,2023-02-05,1299.12,9210917183
T11649,C1467,17.0,2023-09-25,1989.45,9282646055
T11650,C1180,5.0,2023-01-31,912.02,9787637532
T11651,C1090,12.0,2024-04-18,2031.93,9951695849
T11652,C1081,1.0,2023-06-08,2608.04,9672826911
T11653,C1323,10.0,2023-04-20,674.33,9082100852
T11654,C1448,11.0,2024-05-14,2935.7,9781067043
T11655,C1113,16.0,2023-10-12,1128.42,9080960086
T11656,C1256,14.0,2023-12-17,765.14,9957890648
T11657,C1057,8.0,2023-01-18,1235.61,9020004122
T11658,C1153,17.0,2023-09-25,237.91,9912237391
T11659,C1364,18.0,2024-02-02,333.4,9544578566
T11660,C1403,12.0,2023-07-14,1214.02,9678203785
T11661,C1115,17.0,2023-01-10,2275.46,9033494547
T11662,C1342,14.0,2023-07-20,2695.95,9872568129
T11663,C1265,16.0,2023-02-08,1977.69,9624800158
T11664,C1314,14.0,2024-01-30,270.92,9621589989
T11665,C1202,9.0,2023-03-10,1999.66,9435009817
T11666,C1040,4.0,2024-02-19,1888.06,9825922483
T11667,C1104,11.0,2023-01-07,2407.58,9633546669
T11668,C1388,6.0,2023-09-24,2467.01,9228450041
T11669,C1377,15.0,2023-05-10,2598.02,9973136058
T11670,C1192,5.0,2023-03-14,1213.1,9039359410
T11671,C1400,11.0,2022-11-24,2078.49,9592269551
T11672,C1277,18.0,2023-04-01,768.16,9279834642
T11673,C1353,13.0,2022-11-23,2997.98,9583545743
T11674,C1236,11.0,2023-04-28,484.77,9959910081
T11675,C1424,14.0,2024-04-03,-19.15,9579473892
T11676,C1220,18.0,2023-11-02,403.87,9506917752
T11677,C1067,19.0,2024-04-30,2316.41,9702128517
T11678,C1196,15.0,2024-04-24,1312.69,9832361696
T11679,C1255,9.0,2030-03-29,1314.88,9159593453
T11680,C1138,8.0,2023-05-01,2862.82,9392794766
T11681,C1311,20.0,2023-11-27,2754.89,9421441892
T11682,C1434,1.0,2023-03-21,899.14,9239773681
T11683,C1148,4.0,2023-08-14,587.63,9957173768
T11684,C1098,14.0,2023-03-12,2537.87,9829084214
T11685,C1075,2.0,2022-12-12,2713.36,9633078989
T11686,C1281,16.0,2023-10-21,1601.87,9787296307
T11687,C1370,3.0,2024-01-25,1869.74,9920373004
T11688,C1402,8.0,2023-08-17,733.59,9312457968
T11689,C1108,6.0,2024-05-01,2392.45,9143753906
T11690,C1187,16.0,2023-01-16,1877.97,9498969054
T11691,C1198,16.0,2023-08-08,1485.72,9538076911
T11692,C1302,7.0,2023-01-29,133.33,9548050705
T11693,C1326,13.0,2024-04-03,2743.6,9097231642
T11694,C1153,13.0,2024-02-21,1827.13,9426044822
T11695,C1039,5.0,2024-04-18,537.71,9390697670
T11696,C1132,20.0,2023-11-15,1799.48,9539198004
T11697,C1404,18.0,2023-01-07,2016.26,9011372730
T11698,C1461,15.0,2024-04-06,1553.6,9711545609
T11699,C1131,18.0,2023-05-01,2140.21,9256496309
T11700,C1278,2.0,2023-11-23,1723.43,9910513561
T11701,C1361,10.0,2023-04-22,2840.7,9866015789
T11702,C1083,13.0,2023-07-31,113.78,9659316106
T11703,C1398,18.0,2023-02-25,274.05,9734612989
T11704,C1241,15.0,2023-03-10,479.7,9178073155
T11705,C1115,12.0,2023-07-03,2055.02,9813043828
T11706,C1108,15.0,2024-04-16,1919.07,9552050056
T11707,C1220,13.0,2022-11-14,2670.78,9150721880
T11708,C1391,18.0,2022-12-27,2185.28,9479125557
T11709,C1040,15.0,2022-11-24,1500.48,9170963770
T11710,C1367,11.0,2023-07-20,2975.09,9192355674
T11711,C1146,19.0,2022-12-29,761.63,9608121468
T11712,C1111,3.0,2024-03-09,2491.23,9607536579
T11713,C1102,7.0,2023-11-19,1251.71,9708039640
T11714,C1045,14.0,2023-12-09,1928.64,9936512415
T11715,C1411,14.0,2023-04-14,2168.17,9156980036
T11716,C1493,13.0,2023-05-14,1882.95,9790187877
T11717,C1474,12.0,2022-12-18,378.55,9785983817
T11718,C1323,9.0,2024-01-15,1301.0,9519157832
T11719,C1377,1.0,2023-06-29,1662.39,9385253781
T11720,C1270,19.0,2023-10-07,2539.58,9043400463
T11721,C1482,11.0,2023-07-24,1303.12,9234955233
T11722,C1420,19.0,2024-01-12,2752.18,9817624738
T11723,C1384,18.0,2023-10-05,1293.14,9523601769
T11724,C1194,12.0,2023-08-16,1623.78,9248839570
T11725,C1366,1.0,2023-01-30,2378.67,9067496657
T11726,C1279,19.0,2023-11-28,1728.36,9283851293
T11727,C1282,20.0,2023-03-14,2878.67,9396678008
T11728,C1039,17.0,2024-04-09,1964.02,9251275639
T11729,C1446,5.0,2023-01-04,1544.26,9045965208
T11730,C1188,3.0,2023-05-14,21.96,9717888322
T11731,C1163,2.0,2023-06-28,1211.89,9222021972
T11732,C1481,3.0,2024-04-23,862.71,9556075031
T11733,C1476,8.0,2022-12-29,2231.72,9974663468
T11734,C1023,16.0,2023-12-27,585.25,9849824193
T11735,C1023,6.0,2023-01-21,575.92,9387890703
T11736,C1489,13.0,2024-03-02,528.03,9416711804
T11737,C1003,16.0,2023-08-28,333.13,9504308858
T11738,C1322,16.0,2023-09-26,898.57,9985589704
T11739,C1289,3.0,2023-10-13,2652.06,9488169687
T11740,C1440,13.0,2023-02-08,2313.53,9946559235
T11741,C1432,14.0,2030-01-13,2192.52,9049861842
T11742,C1470,8.0,2022-11-20,2381.88,9042847338
T11743,C1180,12.0,2023-11-24,771.72,9696348146
T11744,C1247,8.0,2023-06-05,2656.7,9347968711
T11745,C1115,9.0,2023-09-06,368.78,9110837014
T11746,C1278,1.0,2023-09-19,975.85,9755631043
T11747,C1364,6.0,2023-07-18,1739.58,9559819889
T11748,C1068,19.0,2024-03-01,263.86,9680287364
T11749,C1350,11.0,2023-11-24,2176.9,9890826848
T11750,C1253,11.0,2024-03-31,1131.1,9293663355
T11751,X99726,13.0,2023-05-31,2342.44,9896437267
T11752,C1317,11.0,2023-07-21,1453.33,9796619486
T11753,C1168,18.0,2023-04-15,501.67,9282733476
T11754,C1312,15.0,2022-11-18,2191.02,9621300772
T11755,C1248,1.0,2024-01-05,719.04,9584491424
T11756,C1187,7.0,2022-12-06,1446.97,9612204801
T11757,C1053,13.0,2023-07-08,180.38,9186669820
T11758,C1325,12.0,2023-11-01,1834.49,9404435133
T11759,C1356,18.0,2022-11-21,1980.87,9701878526
T11760,C1312,19.0,2023-10-21,1104.96,9406431167
T11761,C1137,15.0,2022-11-13,2860.99,9392234424
T11762,C1167,8.0,2023-12-02,2616.22,9631015334
T11763,C1390,19.0,2023-09-22,2109.22,9701514770
T11764,C1102,10.0,2023-02-26,2126.64,9964463486
T11765,C1421,7.0,2023-06-10,719.83,9897078087
T11766,C1084,18.0,2024-05-07,1953.29,9083577346
T11767,C1316,16.0,2023-07-13,554.53,9554762561
T11768,C1211,20.0,2024-01-15,389.21,9270138852
T11769,X16821,6.0,2024-03-29,2998.38,9404079950
T11770,C1383,9.0,2023-01-12,1848.25,9974144142
T11771,C1178,13.0,2023-04-06,1264.51,9239336253
T11772,C1341,8.0,2023-08-25,828.9,9554449982
T11773,C1302,16.0,2023-02-15,1791.96,9435769745
T11774,C1451,13.0,2022-12-26,101.26,9378921345
T11775,C1475,13.0,2023-07-07,238.78,9877501292
T11776,C1331,17.0,2024-04-27,50.21,9931706639
T11777,C1037,20.0,2024-01-08,1472.47,9370475638
T11778,C1498,5.0,2023-11-28,1781.85,9522763616
T11779,C1419,17.0,2024-02-24,140.56,9851109462
T11780,C1238,9.0,2023-02-06,2149.73,9517661767
T11781,C1168,2.0,2023-02-17,652.7,9952593617
T11782,C1452,18.0,2024-04-12,2039.86,9648766605
T11783,C1396,9.0,2023-03-28,2944.79,9007084208
T11784,C1342,6.0,2023-12-20,2057.87,9538843355
T11785,C1313,11.0,2023-01-27,2643.74,9947077059
T11786,C1305,6.0,2023-01-14,2842.01,9149216081
T11787,C1029,6.0,2024-01-31,1434.59,9472337634
T11788,C1189,13.0,2023-03-25,2092.09,9177817899
T11789,C1356,11.0,2023-07-12,2548.51,9246950710
T11790,C1024,14.0,2023-09-06,1037.66,9082772849
T11791,C1111,2.0,2023-08-06,747.26,9552484481
T11792,C1410,8.0,2023-09-30,2837.13,9690928175
T11793,C1434,3.0,2023-12-19,2165.23,9301516912
T11794,C1205,3.0,2023-10-12,620.03,9227114760
T11795,C1184,1.0,2023-10-03,1319.7,9161319410
T11796,C1381,19.0,2024-02-18,2379.18,9200688440
T11797,C1495,18.0,2023-08-17,1618.54,9168961168
T11798,C1378,17.0,2023-07-09,1932.35,9388933925
T11799,C1046,20.0,2023-01-27,2248.99,9646414349
T11800,C1373,13.0,2023-06-07,1847.13,9770197919
T11801,C1227,3.0,2023-03-31,1597.24,9877198832
T11802,C1038,1.0,2023-03-03,2236.32,9127056105
T11803,C1015,4.0,2023-04-20,2169.07,9709861078
T11804,C1021,13.0,2023-02-28,1871.11,9247332488
T11805,C1212,17.0,2023-04-29,1047.36,9445188049
T11806,C1309,11.0,2024-02-15,1187.73,9870989978
T11807,C1148,2.0,2024-03-03,2909.84,9354576141
T11808,C1455,16.0,2023-09-29,292.78,9773368624
T11809,C1240,2.0,2024-01-02,768.94,9121696501
T11810,C1271,19.0,2023-03-15,1451.83,9517024564
T11811,C1058,19.0,2024-05-13,2502.03,9725022076
T11812,C1286,16.0,2023-11-13,449.21,9514123310
T11813,C1425,19.0,2023-06-12,794.71,9514345062
T11814,C1201,9.0,2024-02-17,150.68,9226241647
T11815,C1031,1.0,2023-09-23,2103.26,9634356903
T11816,C1442,10.0,2024-02-29,676.54,9173136853
T11817,C1161,19.0,2023-08-10,1135.46,9694989306
T11818,C1254,1.0,2023-03-14,1303.29,9894818854
T11819,C1253,2.0,2023-02-12,2668.51,9441199665
T11820,C1008,16.0,2023-04-22,1204.56,9024101254
T11821,C1464,12.0,2023-09-19,392.94,9261639001
T11822,C1138,8.0,2022-12-23,1549.16,9046325879
T11823,C1479,18.0,2023-06-20,2887.02,9137315592
T11824,C1009,2.0,2023-10-13,1803.44,9615776454
T11825,C1213,13.0,2023-04-12,2949.33,9636028462
T11826,C1272,6.0,2023-02-13,2515.38,9173011097
T11827,C1323,6.0,2023-07-24,59.7,9144658840
T11828,C1047,9.0,2023-11-11,1958.12,9675963880
T11829,C1435,16.0,2023-12-22,824.64,9550446037
T11830,C1110,11.0,2024-04-20,1656.83,9042080866
T11831,C1152,7.0,2023-01-01,802.0,9956486713
T11832,C1122,10.0,2023-09-14,1014.05,9614469480
T11833,C1404,10.0,2023-08-05,2765.66,9157695200
T11834,C1356,20.0,2023-05-09,580.26,9060035062
T11835,C1101,18.0,2022-12-13,2616.03,9178607682
T11836,C1240,20.0,2023-12-31,42.9,9277304178
T11837,C1320,9.0,2024-02-18,227.17,9990469789
T11838,C1190,15.0,2023-07-25,2556.76,9193313837
T11839,C1216,4.0,2023-02-16,1873.2,9554738715
T11840,C1050,8.0,2024-02-28,2229.07,9435355406
T11841,C1291,9.0,2023-02-24,588.72,9643555234
T11842,C1080,13.0,2023-04-04,1588.1,9605165937
T11843,C1488,9.0,2023-03-16,2198.52,9684642175
T11844,C1382,4.0,2022-11-24,1863.31,9019993108
T11845,C1087,17.0,2023-01-14,1388.68,9943291833
T11846,C1193,16.0,2023-06-27,2877.34,9772608028
T11847,C1103,15.0,2023-03-25,2012.28,9781656471
T11848,C1270,3.0,2023-06-02,2718.64,9710543344
T11849,C1095,20.0,2023-12-27,2175.8,9881867712
T11850,C1422,5.0,2023-11-28,2193.16,9304357083
T11851,C1378,5.0,2023-02-06,194.06,9092071758
T11852,C1197,20.0,2023-08-04,1046.37,9232565413
T11853,C1000,15.0,2023-01-27,2568.03,9482328432
T11854,C1494,18.0,2022-12-04,659.44,9651252216
T11855,C1406,15.0,2023-01-17,302.29,9506176343
T11856,C1377,2.0,2023-06-02,944.62,9931258860
T11857,C1166,13.0,2024-02-09,622.34,9517187507
T11858,C1125,4.0,2023-03-23,2772.13,9183144690
T11859,C1312,10.0,2023-02-14,2597.3,9235540097
T11860,C1080,13.0,2023-10-17,1474.03,9891596102
T11861,C1417,10.0,2023-03-17,137.1,9441057551
T11862,C1250,9.0,2022-12-25,2129.42,9645145663
T11863,C1168,8.0,2024-02-27,1851.41,9153235987
T11864,C1476,3.0,2023-01-02,2910.19,9853212504
T11865,C1072,16.0,2023-05-03,1654.81,9625611522
T11866,C1140,14.0,2024-01-29,976.0,9880954894
T11867,C1069,9.0,2023-12-21,1533.02,9824086239
T11868,C1261,11.0,2024-04-03,2936.75,9195296618
T11869,C1339,3.0,2022-12-12,2073.91,9669168506
T11870,C1307,5.0,2023-12-08,1999.53,9708292450
T11871,C1244,10.0,2024-01-22,684.08,9548472597
T11872,C1002,13.0,2023-05-07,2217.99,9284026939
T11873,C1336,4.0,2023-11-09,2238.33,9180089806
T11874,C1062,13.0,2023-06-19,917.73,9777589651
T11875,C1048,12.0,2023-05-22,1425.33,9736147907
T11876,C1075,5.0,2023-08-20,848.54,9367940478
T11877,C1367,10.0,2023-08-25,739.05,9990367859
T11878,C1174,9.0,2024-02-11,28.98,9486909856
T11879,C1108,20.0,2023-04-13,819.9,9640522822
T11880,C1182,7.0,2022-12-17,1639.61,9634147620
T11881,C1191,2.0,2023-07-21,-45.12,9073919503
T11882,C1064,7.0,2023-09-10,813.82,9246760672
T11883,C1336,8.0,2024-04-05,2638.3,9406101350
T11884,C1450,7.0,2024-01-07,1760.63,9413886549
T11885,C1473,14.0,2024-03-16,1803.98,9141962842
T11886,C1270,19.0,2023-01-13,1180.26,9116576275
T11887,C1099,5.0,2023-02-09,2013.24,9017783990
T11888,C1031,18.0,2023-08-25,529.29,9217270101
T11889,C1351,20.0,2023-12-09,2447.18,9561257031
T11890,C1127,12.0,2023-04-01,305.9,9922979549
T11891,C1451,17.0,2024-01-15,1950.8,9976395552
T11892,C1401,13.0,2023-06-04,990.51,9541551915
T11893,C1368,2.0,2024-05-03,2229.91,9734834366
T11894,C1338,13.0,2023-07-25,1626.78,9450751463
T11895,C1042,7.0,2022-12-01,1329.68,9887462850
T11896,C1371,10.0,2023-12-08,466.74,9160590110
T11897,C1418,6.0,2023-11-14,1892.31,9650162509
T11898,C1487,3.0,2024-03-17,2923.05,9103399810
T11899,C1077,3.0,2024-03-22,2468.09,9190505619
T11900,C1313,18.0,2023-10-30,133.02,9510960640
T11901,C1288,11.0,2024-04-09,1097.5,9968094454
T11902,C1269,20.0,2023-10-07,2773.03,9660080817
T11903,C1161,5.0,2023-12-14,1484.28,9644045166
T11904,C1188,19.0,2023-08-15,1969.44,9041915191
T11905,C1246,19.0,2023-05-15,2733.43,9942479718
T11906,C1387,15.0,2030-03-27,2615.07,9841672107
T11907,C1215,16.0,2023-10-04,1480.55,9570618563
T11908,C1314,9.0,2023-06-24,1284.82,9540445621
T11909,C1412,4.0,2022-12-12,986.06,9807865263
T11910,C1338,15.0,2023-08-26,2143.01,9126182283
T11911,C1389,12.0,2023-01-10,825.31,9100061963
T11912,C1376,3.0,2024-03-09,712.16,9517802256
T11913,C1480,14.0,2024-05-07,1036.56,9708017427
T11914,C1432,17.0,2023-11-13,490.51,9139939527
T11915,C1167,19.0,2023-07-08,2070.12,9968498754
T11916,C1338,6.0,2023-04-24,1829.53,9647975975
T11917,C1192,4.0,2023-02-22,1422.78,9579053918
T11918,C1452,7.0,2023-07-23,1140.49,9888544746
T11919,C1282,19.0,2023-07-16,2722.64,9001288710
T11920,C1335,17.0,2023-08-11,38.83,9963113072
T11921,C1389,16.0,2024-05-11,2295.78,9832010779
T11922,C1487,15.0,2023-01-08,2700.82,9728597565
T11923,C1012,8.0,2023-06-24,1311.38,9697107270
T11924,C1239,19.0,2023-12-14,1629.61,9463316186
T11925,C1319,8.0,2023-11-10,2830.61,9560540722
T11926,C1445,18.0,2023-05-08,597.45,9451706031
T11927,C1482,16.0,2023-05-11,1536.41,9397689759
T11928,C1146,20.0,2023-07-12,1397.9,9939335444
T11929,C1203,19.0,2023-10-03,738.1,9046641502
T11930,C1079,10.0,2023-11-14,2446.71,9749088260
T11931,C1378,17.0,2022-12-10,2693.78,9568886152
T11932,C1042,13.0,2023-11-07,2334.89,9460588284
T11933,C1457,13.0,2023-04-06,545.84,9246408985
T11934,C1088,7.0,2023-05-23,214.58,9861463274
T11935,C1147,10.0,2024-03-30,1796.61,9517676106
T11936,C1094,2.0,2030-03-21,124.14,9847778851
T11937,C1451,4.0,2023-05-10,2002.12,9825354925
T11938,C1427,6.0,2024-03-28,1567.79,9409349574
T11939,C1150,18.0,2022-12-20,1971.5,9376365632
T11940,C1001,6.0,2023-02-12,1750.02,9632485566
T11941,C1375,17.0,2023-01-08,1239.24,9863955258
T11942,C1021,14.0,2023-07-08,562.68,9796065791
T11943,C1370,11.0,2023-06-24,882.39,9974806047
T11944,X88674,19.0,2022-12-02,1549.73,9817696516
T11945,C1484,2.0,2024-05-04,1938.2,9898926466
T11946,C1327,3.0,2024-03-15,2327.42,9748084089
T11947,C1006,11.0,2022-11-12,2289.87,9618605023
T11948,C1205,6.0,2023-10-17,2916.7,9104922732
T11949,C1439,14.0,2023-06-06,821.82,9456865760
T11950,C1374,19.0,2023-03-25,166.89,9143755891
T11951,C1450,16.0,2023-10-26,1004.25,9273286650
T11952,C1113,7.0,2023-05-12,2217.05,9512326496
T11953,C1271,8.0,2023-10-09,1286.24,9822334721
T11954,C1082,19.0,2023-01-11,2444.25,9249658808
T11955,C1178,20.0,2022-12-04,1625.45,9977196709
T11956,C1209,16.0,2023-04-12,2785.86,9922401406
T11957,C1499,7.0,2023-04-06,2840.98,9089998443
T11958,C1463,9.0,2023-03-05,161.38,9304155269
T11959,C1327,13.0,2024-05-03,1342.06,9642411514
T11960,C1123,1.0,2023-11-20,1809.55,9941420660
T11961,C1480,8.0,2023-01-25,730.41,9583826742
T11962,C1112,4.0,2023-11-29,1191.58,9438781057
T11963,C1011,3.0,2023-12-22,2016.93,9276815988
T11964,C1125,3.0,2023-02-23,641.54,9202959775
T11965,C1052,13.0,2023-10-22,1786.04,9005872776
T11966,C1330,8.0,2023-09-17,2077.22,9761442766
T11967,C1388,7.0,2023-10-08,226.01,9798483467
T11968,C1282,1.0,2023-03-31,1467.46,9847635936
T11969,C1139,16.0,2023-04-22,752.39,9007638685
T11970,C1400,6.0,2024-02-02,2159.38,9620608968
T11971,C1389,7.0,2024-03-24,528.14,9561073732
T11972,C1096,12.0,2023-10-02,2671.33,9126517500
T11973,C1004,9.0,2030-03-09,1264.37,9558090039
T11974,C1056,11.0,2023-11-12,553.91,9007724556
T11975,C1411,10.0,2023-06-28,1285.97,9402685267
T11976,C1333,1.0,2023-05-10,1196.67,9702813548
T11977,C1068,18.0,2023-12-04,1258.2,9220566645
T11978,C1117,4.0,2023-09-22,1735.96,9738483906
T11979,C1375,5.0,2023-09-09,1539.58,9863596758
T11980,C1058,9.0,2023-03-22,406.82,9339196880
T11981,C1032,17.0,2023-05-12,150.02,9438994061
T11982,C1317,3.0,2022-11-13,2174.72,9388984224
T11983,C1049,16.0,2023-12-17,1657.14,9114442861
T11984,C1367,5.0,2022-12-15,1044.95,9166192234
T11985,C1488,16.0,2023-05-17,2415.49,9457490881
T11986,C1018,3.0,2023-10-03,1133.58,9699624335
T11987,C1213,20.0,2023-06-26,2377.69,9628536453
T11988,C1196,15.0,2023-02-26,882.56,9272336071
T11989,C1378,3.0,2024-04-03,172.18,9280571840
T11990,C1449,20.0,2023-04-05,2794.55,9918024486
T11991,C1477,14.0,2023-10-17,1153.38,9575638242
T11992,C1046,16.0,2023-01-30,2367.71,9454795749
T11993,C1166,17.0,2023-07-13,801.39,9606310053
T11994,C1451,20.0,2023-11-02,1921.41,9392607356
T11995,C1288,18.0,2023-10-05,2613.6,9657001875
T11996,C1140,18.0,2023-05-02,77.01,9295880875
T11997,C1083,14.0,2023-02-10,2483.44,9730794809
T11998,C1181,18.0,2023-10-21,1692.57,9426763137
T11999,C1390,15.0,2024-02-12,1802.79,9810644910
